x, y, z, pressure, velmag, vx, vy, vz
0.00000, 0.00000, 0.0, 0.00000, 0.00000, 0.00000, 0.00000, 0.0
0.00000, 0.01613, 0.0, 0.00319, 1.00000, 1.00000, 0.00000, 0.0
0.00000, 0.04839, 0.0, -0.00223, 1.00000, 1.00000, 0.00000, 0.0
0.00000, 0.08065, 0.0, -0.00265, 1.00000, 1.00000, 0.00000, 0.0
0.00000, 0.11290, 0.0, -0.00297, 1.00000, 1.00000, 0.00000, 0.0
0.00000, 0.14516, 0.0, -0.00351, 1.00000, 1.00000, 0.00000, 0.0
0.00000, 0.17742, 0.0, -0.00399, 1.00000, 1.00000, 0.00000, 0.0
0.00000, 0.20968, 0.0, -0.00438, 1.00000, 1.00000, 0.00000, 0.0
0.00000, 0.24194, 0.0, -0.00470, 1.00000, 1.00000, 0.00000, 0.0
0.00000, 0.27419, 0.0, -0.00497, 1.00000, 1.00000, 0.00000, 0.0
0.00000, 0.30645, 0.0, -0.00520, 1.00000, 1.00000, 0.00000, 0.0
0.00000, 0.33871, 0.0, -0.00538, 1.00000, 1.00000, 0.00000, 0.0
0.00000, 0.37097, 0.0, -0.00552, 1.00000, 1.00000, 0.00000, 0.0
0.00000, 0.40323, 0.0, -0.00563, 1.00000, 1.00000, 0.00000, 0.0
0.00000, 0.43548, 0.0, -0.00571, 1.00000, 1.00000, 0.00000, 0.0
0.00000, 0.46774, 0.0, -0.00575, 1.00000, 1.00000, 0.00000, 0.0
0.00000, 0.50000, 0.0, -0.00577, 1.00000, 1.00000, 0.00000, 0.0
0.00000, 0.53226, 0.0, -0.00575, 1.00000, 1.00000, 0.00000, 0.0
0.00000, 0.56452, 0.0, -0.00571, 1.00000, 1.00000, 0.00000, 0.0
0.00000, 0.59677, 0.0, -0.00563, 1.00000, 1.00000, 0.00000, 0.0
0.00000, 0.62903, 0.0, -0.00552, 1.00000, 1.00000, 0.00000, 0.0
0.00000, 0.66129, 0.0, -0.00538, 1.00000, 1.00000, 0.00000, 0.0
0.00000, 0.69355, 0.0, -0.00520, 1.00000, 1.00000, 0.00000, 0.0
0.00000, 0.72581, 0.0, -0.00497, 1.00000, 1.00000, 0.00000, 0.0
0.00000, 0.75806, 0.0, -0.00470, 1.00000, 1.00000, 0.00000, 0.0
0.00000, 0.79032, 0.0, -0.00438, 1.00000, 1.00000, 0.00000, 0.0
0.00000, 0.82258, 0.0, -0.00399, 1.00000, 1.00000, 0.00000, 0.0
0.00000, 0.85484, 0.0, -0.00351, 1.00000, 1.00000, 0.00000, 0.0
0.00000, 0.88710, 0.0, -0.00297, 1.00000, 1.00000, 0.00000, 0.0
0.00000, 0.91935, 0.0, -0.00265, 1.00000, 1.00000, 0.00000, 0.0
0.00000, 0.95161, 0.0, -0.00223, 1.00000, 1.00000, 0.00000, 0.0
0.00000, 0.98387, 0.0, 0.00319, 1.00000, 1.00000, 0.00000, 0.0
0.00000, 1.00000, 0.0, 0.00000, 0.00000, 0.00000, 0.00000, 0.0
0.12195, 0.00000, 0.0, 0.00187, 0.00000, 0.00000, 0.00000, 0.0
0.12195, 0.01613, 0.0, 0.00000, 0.98373, 0.98372, -0.00501, 0.0
0.12195, 0.04839, 0.0, -0.00375, 1.00033, 1.00031, 0.00698, 0.0
0.12195, 0.08065, 0.0, -0.00390, 1.00182, 1.00182, 0.00357, 0.0
0.12195, 0.11290, 0.0, -0.00410, 1.00199, 1.00199, 0.00280, 0.0
0.12195, 0.14516, 0.0, -0.00448, 1.00184, 1.00183, 0.00254, 0.0
0.12195, 0.17742, 0.0, -0.00482, 1.00161, 1.00161, 0.00222, 0.0
0.12195, 0.20968, 0.0, -0.00509, 1.00140, 1.00140, 0.00190, 0.0
0.12195, 0.24194, 0.0, -0.00532, 1.00123, 1.00122, 0.00161, 0.0
0.12195, 0.27419, 0.0, -0.00552, 1.00108, 1.00108, 0.00136, 0.0
0.12195, 0.30645, 0.0, -0.00568, 1.00096, 1.00096, 0.00113, 0.0
0.12195, 0.33871, 0.0, -0.00582, 1.00087, 1.00087, 0.00091, 0.0
0.12195, 0.37097, 0.0, -0.00592, 1.00080, 1.00080, 0.00071, 0.0
0.12195, 0.40323, 0.0, -0.00601, 1.00075, 1.00075, 0.00053, 0.0
0.12195, 0.43548, 0.0, -0.00606, 1.00071, 1.00071, 0.00035, 0.0
0.12195, 0.46774, 0.0, -0.00610, 1.00069, 1.00069, 0.00017, 0.0
0.12195, 0.50000, 0.0, -0.00611, 1.00068, 1.00068, -0.00000, 0.0
0.12195, 0.53226, 0.0, -0.00610, 1.00069, 1.00069, -0.00017, 0.0
0.12195, 0.56452, 0.0, -0.00606, 1.00071, 1.00071, -0.00035, 0.0
0.12195, 0.59677, 0.0, -0.00601, 1.00075, 1.00075, -0.00053, 0.0
0.12195, 0.62903, 0.0, -0.00592, 1.00080, 1.00080, -0.00071, 0.0
0.12195, 0.66129, 0.0, -0.00582, 1.00087, 1.00087, -0.00091, 0.0
0.12195, 0.69355, 0.0, -0.00568, 1.00096, 1.00096, -0.00113, 0.0
0.12195, 0.72581, 0.0, -0.00552, 1.00108, 1.00108, -0.00136, 0.0
0.12195, 0.75806, 0.0, -0.00532, 1.00123, 1.00122, -0.00161, 0.0
0.12195, 0.79032, 0.0, -0.00509, 1.00140, 1.00140, -0.00190, 0.0
0.12195, 0.82258, 0.0, -0.00482, 1.00161, 1.00161, -0.00222, 0.0
0.12195, 0.85484, 0.0, -0.00448, 1.00184, 1.00183, -0.00254, 0.0
0.12195, 0.88710, 0.0, -0.00410, 1.00199, 1.00199, -0.00280, 0.0
0.12195, 0.91935, 0.0, -0.00390, 1.00182, 1.00182, -0.00357, 0.0
0.12195, 0.95161, 0.0, -0.00375, 1.00033, 1.00031, -0.00698, 0.0
0.12195, 0.98387, 0.0, 0.00000, 0.98373, 0.98372, 0.00501, 0.0
0.12195, 1.00000, 0.0, 0.00187, 0.00000, 0.00000, 0.00000, 0.0
0.36585, 0.00000, 0.0, -0.00618, 0.00000, 0.00000, 0.00000, 0.0
0.36585, 0.01613, 0.0, -0.00638, 0.96428, 0.96428, -0.00012, 0.0
0.36585, 0.04839, 0.0, -0.00677, 0.99847, 0.99846, 0.00462, 0.0
0.36585, 0.08065, 0.0, -0.00639, 1.00294, 1.00294, 0.00306, 0.0
0.36585, 0.11290, 0.0, -0.00636, 1.00375, 1.00374, 0.00292, 0.0
0.36585, 0.14516, 0.0, -0.00642, 1.00373, 1.00373, 0.00278, 0.0
0.36585, 0.17742, 0.0, -0.00647, 1.00349, 1.00348, 0.00252, 0.0
0.36585, 0.20968, 0.0, -0.00651, 1.00320, 1.00320, 0.00225, 0.0
0.36585, 0.24194, 0.0, -0.00656, 1.00293, 1.00293, 0.00198, 0.0
0.36585, 0.27419, 0.0, -0.00661, 1.00270, 1.00270, 0.00172, 0.0
0.36585, 0.30645, 0.0, -0.00665, 1.00251, 1.00251, 0.00147, 0.0
0.36585, 0.33871, 0.0, -0.00669, 1.00236, 1.00236, 0.00121, 0.0
0.36585, 0.37097, 0.0, -0.00673, 1.00224, 1.00224, 0.00097, 0.0
0.36585, 0.40323, 0.0, -0.00676, 1.00215, 1.00215, 0.00072, 0.0
0.36585, 0.43548, 0.0, -0.00678, 1.00209, 1.00209, 0.00048, 0.0
0.36585, 0.46774, 0.0, -0.00680, 1.00205, 1.00205, 0.00024, 0.0
0.36585, 0.50000, 0.0, -0.00680, 1.00204, 1.00204, -0.00000, 0.0
0.36585, 0.53226, 0.0, -0.00680, 1.00205, 1.00205, -0.00024, 0.0
0.36585, 0.56452, 0.0, -0.00678, 1.00209, 1.00209, -0.00048, 0.0
0.36585, 0.59677, 0.0, -0.00676, 1.00215, 1.00215, -0.00072, 0.0
0.36585, 0.62903, 0.0, -0.00673, 1.00224, 1.00224, -0.00097, 0.0
0.36585, 0.66129, 0.0, -0.00669, 1.00236, 1.00236, -0.00121, 0.0
0.36585, 0.69355, 0.0, -0.00665, 1.00251, 1.00251, -0.00147, 0.0
0.36585, 0.72581, 0.0, -0.00661, 1.00270, 1.00270, -0.00172, 0.0
0.36585, 0.75806, 0.0, -0.00656, 1.00293, 1.00293, -0.00198, 0.0
0.36585, 0.79032, 0.0, -0.00651, 1.00320, 1.00320, -0.00225, 0.0
0.36585, 0.82258, 0.0, -0.00647, 1.00349, 1.00348, -0.00252, 0.0
0.36585, 0.85484, 0.0, -0.00642, 1.00373, 1.00373, -0.00278, 0.0
0.36585, 0.88710, 0.0, -0.00636, 1.00375, 1.00374, -0.00292, 0.0
0.36585, 0.91935, 0.0, -0.00639, 1.00294, 1.00294, -0.00306, 0.0
0.36585, 0.95161, 0.0, -0.00677, 0.99847, 0.99846, -0.00462, 0.0
0.36585, 0.98387, 0.0, -0.00638, 0.96428, 0.96428, 0.00012, 0.0
0.36585, 1.00000, 0.0, -0.00618, 0.00000, 0.00000, 0.00000, 0.0
0.60976, 0.00000, 0.0, -0.00847, 0.00000, 0.00000, 0.00000, 0.0
0.60976, 0.01613, 0.0, -0.00852, 0.94290, 0.94289, 0.00144, 0.0
0.60976, 0.04839, 0.0, -0.00861, 0.99491, 0.99491, 0.00374, 0.0
0.60976, 0.08065, 0.0, -0.00851, 1.00338, 1.00337, 0.00318, 0.0
0.60976, 0.11290, 0.0, -0.00855, 1.00520, 1.00520, 0.00312, 0.0
0.60976, 0.14516, 0.0, -0.00859, 1.00557, 1.00556, 0.00294, 0.0
0.60976, 0.17742, 0.0, -0.00862, 1.00549, 1.00549, 0.00269, 0.0
0.60976, 0.20968, 0.0, -0.00864, 1.00528, 1.00527, 0.00242, 0.0
0.60976, 0.24194, 0.0, -0.00866, 1.00503, 1.00503, 0.00215, 0.0
0.60976, 0.27419, 0.0, -0.00868, 1.00480, 1.00480, 0.00188, 0.0
0.60976, 0.30645, 0.0, -0.00870, 1.00459, 1.00459, 0.00160, 0.0
0.60976, 0.33871, 0.0, -0.00872, 1.00443, 1.00442, 0.00133, 0.0
0.60976, 0.37097, 0.0, -0.00874, 1.00429, 1.00429, 0.00107, 0.0
0.60976, 0.40323, 0.0, -0.00875, 1.00419, 1.00419, 0.00080, 0.0
0.60976, 0.43548, 0.0, -0.00875, 1.00412, 1.00412, 0.00053, 0.0
0.60976, 0.46774, 0.0, -0.00876, 1.00407, 1.00407, 0.00027, 0.0
0.60976, 0.50000, 0.0, -0.00876, 1.00406, 1.00406, -0.00000, 0.0
0.60976, 0.53226, 0.0, -0.00876, 1.00407, 1.00407, -0.00027, 0.0
0.60976, 0.56452, 0.0, -0.00875, 1.00412, 1.00412, -0.00053, 0.0
0.60976, 0.59677, 0.0, -0.00875, 1.00419, 1.00419, -0.00080, 0.0
0.60976, 0.62903, 0.0, -0.00874, 1.00429, 1.00429, -0.00107, 0.0
0.60976, 0.66129, 0.0, -0.00872, 1.00443, 1.00442, -0.00133, 0.0
0.60976, 0.69355, 0.0, -0.00870, 1.00459, 1.00459, -0.00160, 0.0
0.60976, 0.72581, 0.0, -0.00868, 1.00480, 1.00480, -0.00188, 0.0
0.60976, 0.75806, 0.0, -0.00866, 1.00503, 1.00503, -0.00215, 0.0
0.60976, 0.79032, 0.0, -0.00864, 1.00528, 1.00527, -0.00242, 0.0
0.60976, 0.82258, 0.0, -0.00862, 1.00549, 1.00549, -0.00269, 0.0
0.60976, 0.85484, 0.0, -0.00859, 1.00557, 1.00556, -0.00294, 0.0
0.60976, 0.88710, 0.0, -0.00855, 1.00520, 1.00520, -0.00312, 0.0
0.60976, 0.91935, 0.0, -0.00851, 1.00338, 1.00337, -0.00318, 0.0
0.60976, 0.95161, 0.0, -0.00861, 0.99491, 0.99491, -0.00374, 0.0
0.60976, 0.98387, 0.0, -0.00852, 0.94290, 0.94289, -0.00144, 0.0
0.60976, 1.00000, 0.0, -0.00847, 0.00000, 0.00000, 0.00000, 0.0
0.85366, 0.00000, 0.0, -0.01059, 0.00000, 0.00000, 0.00000, 0.0
0.85366, 0.01613, 0.0, -0.01060, 0.92193, 0.92193, 0.00198, 0.0
0.85366, 0.04839, 0.0, -0.01061, 0.99052, 0.99051, 0.00343, 0.0
0.85366, 0.08065, 0.0, -0.01060, 1.00345, 1.00345, 0.00336, 0.0
0.85366, 0.11290, 0.0, -0.01064, 1.00648, 1.00648, 0.00329, 0.0
0.85366, 0.14516, 0.0, -0.01068, 1.00730, 1.00730, 0.00309, 0.0
0.85366, 0.17742, 0.0, -0.01070, 1.00744, 1.00744, 0.00283, 0.0
0.85366, 0.20968, 0.0, -0.01072, 1.00733, 1.00733, 0.00256, 0.0
0.85366, 0.24194, 0.0, -0.01074, 1.00713, 1.00713, 0.00228, 0.0
0.85366, 0.27419, 0.0, -0.01076, 1.00692, 1.00692, 0.00200, 0.0
0.85366, 0.30645, 0.0, -0.01078, 1.00672, 1.00672, 0.00171, 0.0
0.85366, 0.33871, 0.0, -0.01079, 1.00655, 1.00655, 0.00143, 0.0
0.85366, 0.37097, 0.0, -0.01080, 1.00641, 1.00641, 0.00114, 0.0
0.85366, 0.40323, 0.0, -0.01081, 1.00630, 1.00630, 0.00085, 0.0
0.85366, 0.43548, 0.0, -0.01081, 1.00623, 1.00623, 0.00057, 0.0
0.85366, 0.46774, 0.0, -0.01082, 1.00618, 1.00618, 0.00028, 0.0
0.85366, 0.50000, 0.0, -0.01082, 1.00617, 1.00617, -0.00000, 0.0
0.85366, 0.53226, 0.0, -0.01082, 1.00618, 1.00618, -0.00028, 0.0
0.85366, 0.56452, 0.0, -0.01081, 1.00623, 1.00623, -0.00057, 0.0
0.85366, 0.59677, 0.0, -0.01081, 1.00630, 1.00630, -0.00085, 0.0
0.85366, 0.62903, 0.0, -0.01080, 1.00641, 1.00641, -0.00114, 0.0
0.85366, 0.66129, 0.0, -0.01079, 1.00655, 1.00655, -0.00143, 0.0
0.85366, 0.69355, 0.0, -0.01078, 1.00672, 1.00672, -0.00171, 0.0
0.85366, 0.72581, 0.0, -0.01076, 1.00692, 1.00692, -0.00200, 0.0
0.85366, 0.75806, 0.0, -0.01074, 1.00713, 1.00713, -0.00228, 0.0
0.85366, 0.79032, 0.0, -0.01072, 1.00733, 1.00733, -0.00256, 0.0
0.85366, 0.82258, 0.0, -0.01070, 1.00744, 1.00744, -0.00283, 0.0
0.85366, 0.85484, 0.0, -0.01068, 1.00730, 1.00730, -0.00309, 0.0
0.85366, 0.88710, 0.0, -0.01064, 1.00648, 1.00648, -0.00329, 0.0
0.85366, 0.91935, 0.0, -0.01060, 1.00345, 1.00345, -0.00336, 0.0
0.85366, 0.95161, 0.0, -0.01061, 0.99052, 0.99051, -0.00343, 0.0
0.85366, 0.98387, 0.0, -0.01060, 0.92193, 0.92193, -0.00198, 0.0
0.85366, 1.00000, 0.0, -0.01059, 0.00000, 0.00000, 0.00000, 0.0
1.09756, 0.00000, 0.0, -0.01285, 0.00000, 0.00000, 0.00000, 0.0
1.09756, 0.01613, 0.0, -0.01284, 0.90161, 0.90161, 0.00207, 0.0
1.09756, 0.04839, 0.0, -0.01282, 0.98544, 0.98543, 0.00326, 0.0
1.09756, 0.08065, 0.0, -0.01283, 1.00325, 1.00325, 0.00343, 0.0
1.09756, 0.11290, 0.0, -0.01285, 1.00767, 1.00766, 0.00336, 0.0
1.09756, 0.14516, 0.0, -0.01287, 1.00902, 1.00902, 0.00316, 0.0
1.09756, 0.17742, 0.0, -0.01289, 1.00941, 1.00941, 0.00291, 0.0
1.09756, 0.20968, 0.0, -0.01290, 1.00943, 1.00942, 0.00264, 0.0
1.09756, 0.24194, 0.0, -0.01292, 1.00929, 1.00929, 0.00236, 0.0
1.09756, 0.27419, 0.0, -0.01293, 1.00911, 1.00911, 0.00207, 0.0
1.09756, 0.30645, 0.0, -0.01293, 1.00892, 1.00892, 0.00177, 0.0
1.09756, 0.33871, 0.0, -0.01294, 1.00875, 1.00875, 0.00148, 0.0
1.09756, 0.37097, 0.0, -0.01295, 1.00861, 1.00861, 0.00118, 0.0
1.09756, 0.40323, 0.0, -0.01295, 1.00850, 1.00850, 0.00089, 0.0
1.09756, 0.43548, 0.0, -0.01295, 1.00842, 1.00842, 0.00059, 0.0
1.09756, 0.46774, 0.0, -0.01296, 1.00838, 1.00838, 0.00029, 0.0
1.09756, 0.50000, 0.0, -0.01296, 1.00836, 1.00836, -0.00000, 0.0
1.09756, 0.53226, 0.0, -0.01296, 1.00838, 1.00838, -0.00029, 0.0
1.09756, 0.56452, 0.0, -0.01295, 1.00842, 1.00842, -0.00059, 0.0
1.09756, 0.59677, 0.0, -0.01295, 1.00850, 1.00850, -0.00089, 0.0
1.09756, 0.62903, 0.0, -0.01295, 1.00861, 1.00861, -0.00118, 0.0
1.09756, 0.66129, 0.0, -0.01294, 1.00875, 1.00875, -0.00148, 0.0
1.09756, 0.69355, 0.0, -0.01293, 1.00892, 1.00892, -0.00177, 0.0
1.09756, 0.72581, 0.0, -0.01293, 1.00911, 1.00911, -0.00207, 0.0
1.09756, 0.75806, 0.0, -0.01292, 1.00929, 1.00929, -0.00236, 0.0
1.09756, 0.79032, 0.0, -0.01290, 1.00943, 1.00942, -0.00264, 0.0
1.09756, 0.82258, 0.0, -0.01289, 1.00941, 1.00941, -0.00291, 0.0
1.09756, 0.85484, 0.0, -0.01287, 1.00902, 1.00902, -0.00316, 0.0
1.09756, 0.88710, 0.0, -0.01285, 1.00767, 1.00766, -0.00336, 0.0
1.09756, 0.91935, 0.0, -0.01283, 1.00325, 1.00325, -0.00343, 0.0
1.09756, 0.95161, 0.0, -0.01282, 0.98544, 0.98543, -0.00326, 0.0
1.09756, 0.98387, 0.0, -0.01284, 0.90161, 0.90161, -0.00207, 0.0
1.09756, 1.00000, 0.0, -0.01285, 0.00000, 0.00000, 0.00000, 0.0
1.34146, 0.00000, 0.0, -0.01513, 0.00000, 0.00000, 0.00000, 0.0
1.34146, 0.01613, 0.0, -0.01512, 0.88198, 0.88198, 0.00201, 0.0
1.34146, 0.04839, 0.0, -0.01509, 0.97973, 0.97973, 0.00315, 0.0
1.34146, 0.08065, 0.0, -0.01511, 1.00275, 1.00275, 0.00346, 0.0
1.34146, 0.11290, 0.0, -0.01512, 1.00873, 1.00872, 0.00338, 0.0
1.34146, 0.14516, 0.0, -0.01514, 1.01068, 1.01068, 0.00319, 0.0
1.34146, 0.17742, 0.0, -0.01515, 1.01136, 1.01136, 0.00295, 0.0
1.34146, 0.20968, 0.0, -0.01516, 1.01153, 1.01153, 0.00268, 0.0
1.34146, 0.24194, 0.0, -0.01517, 1.01148, 1.01147, 0.00240, 0.0
1.34146, 0.27419, 0.0, -0.01517, 1.01134, 1.01133, 0.00210, 0.0
1.34146, 0.30645, 0.0, -0.01518, 1.01117, 1.01117, 0.00181, 0.0
1.34146, 0.33871, 0.0, -0.01518, 1.01101, 1.01101, 0.00151, 0.0
1.34146, 0.37097, 0.0, -0.01518, 1.01087, 1.01087, 0.00121, 0.0
1.34146, 0.40323, 0.0, -0.01519, 1.01076, 1.01076, 0.00090, 0.0
1.34146, 0.43548, 0.0, -0.01519, 1.01069, 1.01069, 0.00060, 0.0
1.34146, 0.46774, 0.0, -0.01519, 1.01064, 1.01064, 0.00030, 0.0
1.34146, 0.50000, 0.0, -0.01519, 1.01062, 1.01062, -0.00000, 0.0
1.34146, 0.53226, 0.0, -0.01519, 1.01064, 1.01064, -0.00030, 0.0
1.34146, 0.56452, 0.0, -0.01519, 1.01069, 1.01069, -0.00060, 0.0
1.34146, 0.59677, 0.0, -0.01519, 1.01076, 1.01076, -0.00090, 0.0
1.34146, 0.62903, 0.0, -0.01518, 1.01087, 1.01087, -0.00121, 0.0
1.34146, 0.66129, 0.0, -0.01518, 1.01101, 1.01101, -0.00151, 0.0
1.34146, 0.69355, 0.0, -0.01518, 1.01117, 1.01117, -0.00181, 0.0
1.34146, 0.72581, 0.0, -0.01517, 1.01134, 1.01133, -0.00210, 0.0
1.34146, 0.75806, 0.0, -0.01517, 1.01148, 1.01147, -0.00240, 0.0
1.34146, 0.79032, 0.0, -0.01516, 1.01153, 1.01153, -0.00268, 0.0
1.34146, 0.82258, 0.0, -0.01515, 1.01136, 1.01136, -0.00295, 0.0
1.34146, 0.85484, 0.0, -0.01514, 1.01068, 1.01068, -0.00319, 0.0
1.34146, 0.88710, 0.0, -0.01512, 1.00873, 1.00872, -0.00338, 0.0
1.34146, 0.91935, 0.0, -0.01511, 1.00275, 1.00275, -0.00346, 0.0
1.34146, 0.95161, 0.0, -0.01509, 0.97973, 0.97973, -0.00315, 0.0
1.34146, 0.98387, 0.0, -0.01512, 0.88198, 0.88198, -0.00201, 0.0
1.34146, 1.00000, 0.0, -0.01513, 0.00000, 0.00000, 0.00000, 0.0
1.58537, 0.00000, 0.0, -0.01744, 0.00000, 0.00000, 0.00000, 0.0
1.58537, 0.01613, 0.0, -0.01742, 0.86314, 0.86314, 0.00189, 0.0
1.58537, 0.04839, 0.0, -0.01740, 0.97351, 0.97350, 0.00306, 0.0
1.58537, 0.08065, 0.0, -0.01741, 1.00196, 1.00195, 0.00344, 0.0
1.58537, 0.11290, 0.0, -0.01742, 1.00965, 1.00965, 0.00338, 0.0
1.58537, 0.14516, 0.0, -0.01743, 1.01228, 1.01228, 0.00321, 0.0
1.58537, 0.17742, 0.0, -0.01744, 1.01328, 1.01328, 0.00297, 0.0
1.58537, 0.20968, 0.0, -0.01745, 1.01362, 1.01362, 0.00271, 0.0
1.58537, 0.24194, 0.0, -0.01746, 1.01367, 1.01366, 0.00242, 0.0
1.58537, 0.27419, 0.0, -0.01746, 1.01358, 1.01358, 0.00213, 0.0
1.58537, 0.30645, 0.0, -0.01747, 1.01344, 1.01344, 0.00183, 0.0
1.58537, 0.33871, 0.0, -0.01747, 1.01330, 1.01330, 0.00153, 0.0
1.58537, 0.37097, 0.0, -0.01747, 1.01317, 1.01317, 0.00122, 0.0
1.58537, 0.40323, 0.0, -0.01747, 1.01306, 1.01306, 0.00092, 0.0
1.58537, 0.43548, 0.0, -0.01747, 1.01298, 1.01298, 0.00061, 0.0
1.58537, 0.46774, 0.0, -0.01747, 1.01294, 1.01294, 0.00031, 0.0
1.58537, 0.50000, 0.0, -0.01747, 1.01292, 1.01292, -0.00000, 0.0
1.58537, 0.53226, 0.0, -0.01747, 1.01294, 1.01294, -0.00031, 0.0
1.58537, 0.56452, 0.0, -0.01747, 1.01298, 1.01298, -0.00061, 0.0
1.58537, 0.59677, 0.0, -0.01747, 1.01306, 1.01306, -0.00092, 0.0
1.58537, 0.62903, 0.0, -0.01747, 1.01317, 1.01317, -0.00122, 0.0
1.58537, 0.66129, 0.0, -0.01747, 1.01330, 1.01330, -0.00153, 0.0
1.58537, 0.69355, 0.0, -0.01747, 1.01344, 1.01344, -0.00183, 0.0
1.58537, 0.72581, 0.0, -0.01746, 1.01358, 1.01358, -0.00213, 0.0
1.58537, 0.75806, 0.0, -0.01746, 1.01367, 1.01366, -0.00242, 0.0
1.58537, 0.79032, 0.0, -0.01745, 1.01362, 1.01362, -0.00271, 0.0
1.58537, 0.82258, 0.0, -0.01744, 1.01328, 1.01328, -0.00297, 0.0
1.58537, 0.85484, 0.0, -0.01743, 1.01228, 1.01228, -0.00321, 0.0
1.58537, 0.88710, 0.0, -0.01742, 1.00965, 1.00965, -0.00338, 0.0
1.58537, 0.91935, 0.0, -0.01741, 1.00196, 1.00195, -0.00344, 0.0
1.58537, 0.95161, 0.0, -0.01740, 0.97351, 0.97350, -0.00306, 0.0
1.58537, 0.98387, 0.0, -0.01742, 0.86314, 0.86314, -0.00189, 0.0
1.58537, 1.00000, 0.0, -0.01744, 0.00000, 0.00000, 0.00000, 0.0
1.82927, 0.00000, 0.0, -0.01978, 0.00000, 0.00000, 0.00000, 0.0
1.82927, 0.01613, 0.0, -0.01976, 0.84515, 0.84514, 0.00175, 0.0
1.82927, 0.04839, 0.0, -0.01973, 0.96687, 0.96686, 0.00296, 0.0
1.82927, 0.08065, 0.0, -0.01975, 1.00088, 1.00087, 0.00341, 0.0
1.82927, 0.11290, 0.0, -0.01976, 1.01044, 1.01044, 0.00337, 0.0
1.82927, 0.14516, 0.0, -0.01976, 1.01381, 1.01380, 0.00320, 0.0
1.82927, 0.17742, 0.0, -0.01977, 1.01516, 1.01515, 0.00298, 0.0
1.82927, 0.20968, 0.0, -0.01978, 1.01569, 1.01569, 0.00271, 0.0
1.82927, 0.24194, 0.0, -0.01978, 1.01585, 1.01585, 0.00243, 0.0
1.82927, 0.27419, 0.0, -0.01979, 1.01583, 1.01582, 0.00214, 0.0
1.82927, 0.30645, 0.0, -0.01979, 1.01573, 1.01572, 0.00184, 0.0
1.82927, 0.33871, 0.0, -0.01979, 1.01560, 1.01560, 0.00154, 0.0
1.82927, 0.37097, 0.0, -0.01979, 1.01548, 1.01548, 0.00123, 0.0
1.82927, 0.40323, 0.0, -0.01979, 1.01538, 1.01538, 0.00092, 0.0
1.82927, 0.43548, 0.0, -0.01979, 1.01530, 1.01530, 0.00062, 0.0
1.82927, 0.46774, 0.0, -0.01979, 1.01526, 1.01526, 0.00031, 0.0
1.82927, 0.50000, 0.0, -0.01979, 1.01524, 1.01524, -0.00000, 0.0
1.82927, 0.53226, 0.0, -0.01979, 1.01526, 1.01526, -0.00031, 0.0
1.82927, 0.56452, 0.0, -0.01979, 1.01530, 1.01530, -0.00062, 0.0
1.82927, 0.59677, 0.0, -0.01979, 1.01538, 1.01538, -0.00092, 0.0
1.82927, 0.62903, 0.0, -0.01979, 1.01548, 1.01548, -0.00123, 0.0
1.82927, 0.66129, 0.0, -0.01979, 1.01560, 1.01560, -0.00154, 0.0
1.82927, 0.69355, 0.0, -0.01979, 1.01573, 1.01572, -0.00184, 0.0
1.82927, 0.72581, 0.0, -0.01979, 1.01583, 1.01582, -0.00214, 0.0
1.82927, 0.75806, 0.0, -0.01978, 1.01585, 1.01585, -0.00243, 0.0
1.82927, 0.79032, 0.0, -0.01978, 1.01569, 1.01569, -0.00271, 0.0
1.82927, 0.82258, 0.0, -0.01977, 1.01516, 1.01515, -0.00298, 0.0
1.82927, 0.85484, 0.0, -0.01976, 1.01381, 1.01380, -0.00320, 0.0
1.82927, 0.88710, 0.0, -0.01976, 1.01044, 1.01044, -0.00337, 0.0
1.82927, 0.91935, 0.0, -0.01975, 1.00088, 1.00087, -0.00341, 0.0
1.82927, 0.95161, 0.0, -0.01973, 0.96687, 0.96686, -0.00296, 0.0
1.82927, 0.98387, 0.0, -0.01976, 0.84515, 0.84514, -0.00175, 0.0
1.82927, 1.00000, 0.0, -0.01978, 0.00000, 0.00000, 0.00000, 0.0
2.07317, 0.00000, 0.0, -0.02213, 0.00000, 0.00000, 0.00000, 0.0
2.07317, 0.01613, 0.0, -0.02212, 0.82805, 0.82805, 0.00161, 0.0
2.07317, 0.04839, 0.0, -0.02209, 0.95990, 0.95989, 0.00286, 0.0
2.07317, 0.08065, 0.0, -0.02210, 0.99951, 0.99951, 0.00335, 0.0
2.07317, 0.11290, 0.0, -0.02211, 1.01109, 1.01109, 0.00334, 0.0
2.07317, 0.14516, 0.0, -0.02212, 1.01526, 1.01525, 0.00319, 0.0
2.07317, 0.17742, 0.0, -0.02212, 1.01699, 1.01699, 0.00297, 0.0
2.07317, 0.20968, 0.0, -0.02213, 1.01773, 1.01773, 0.00271, 0.0
2.07317, 0.24194, 0.0, -0.02213, 1.01801, 1.01801, 0.00243, 0.0
2.07317, 0.27419, 0.0, -0.02213, 1.01806, 1.01806, 0.00214, 0.0
2.07317, 0.30645, 0.0, -0.02213, 1.01801, 1.01801, 0.00184, 0.0
2.07317, 0.33871, 0.0, -0.02213, 1.01791, 1.01791, 0.00154, 0.0
2.07317, 0.37097, 0.0, -0.02213, 1.01780, 1.01780, 0.00123, 0.0
2.07317, 0.40323, 0.0, -0.02214, 1.01771, 1.01771, 0.00093, 0.0
2.07317, 0.43548, 0.0, -0.02214, 1.01763, 1.01763, 0.00062, 0.0
2.07317, 0.46774, 0.0, -0.02214, 1.01759, 1.01759, 0.00031, 0.0
2.07317, 0.50000, 0.0, -0.02214, 1.01757, 1.01757, -0.00000, 0.0
2.07317, 0.53226, 0.0, -0.02214, 1.01759, 1.01759, -0.00031, 0.0
2.07317, 0.56452, 0.0, -0.02214, 1.01763, 1.01763, -0.00062, 0.0
2.07317, 0.59677, 0.0, -0.02214, 1.01771, 1.01771, -0.00093, 0.0
2.07317, 0.62903, 0.0, -0.02213, 1.01780, 1.01780, -0.00123, 0.0
2.07317, 0.66129, 0.0, -0.02213, 1.01791, 1.01791, -0.00154, 0.0
2.07317, 0.69355, 0.0, -0.02213, 1.01801, 1.01801, -0.00184, 0.0
2.07317, 0.72581, 0.0, -0.02213, 1.01806, 1.01806, -0.00214, 0.0
2.07317, 0.75806, 0.0, -0.02213, 1.01801, 1.01801, -0.00243, 0.0
2.07317, 0.79032, 0.0, -0.02213, 1.01773, 1.01773, -0.00271, 0.0
2.07317, 0.82258, 0.0, -0.02212, 1.01699, 1.01699, -0.00297, 0.0
2.07317, 0.85484, 0.0, -0.02212, 1.01526, 1.01525, -0.00319, 0.0
2.07317, 0.88710, 0.0, -0.02211, 1.01109, 1.01109, -0.00334, 0.0
2.07317, 0.91935, 0.0, -0.02210, 0.99951, 0.99951, -0.00335, 0.0
2.07317, 0.95161, 0.0, -0.02209, 0.95990, 0.95989, -0.00286, 0.0
2.07317, 0.98387, 0.0, -0.02212, 0.82805, 0.82805, -0.00161, 0.0
2.07317, 1.00000, 0.0, -0.02213, 0.00000, 0.00000, 0.00000, 0.0
2.31707, 0.00000, 0.0, -0.02451, 0.00000, 0.00000, 0.00000, 0.0
2.31707, 0.01613, 0.0, -0.02449, 0.81187, 0.81187, 0.00146, 0.0
2.31707, 0.04839, 0.0, -0.02447, 0.95267, 0.95266, 0.00275, 0.0
2.31707, 0.08065, 0.0, -0.02447, 0.99786, 0.99786, 0.00328, 0.0
2.31707, 0.11290, 0.0, -0.02447, 1.01159, 1.01158, 0.00329, 0.0
2.31707, 0.14516, 0.0, -0.02448, 1.01662, 1.01661, 0.00316, 0.0
2.31707, 0.17742, 0.0, -0.02448, 1.01877, 1.01876, 0.00295, 0.0
2.31707, 0.20968, 0.0, -0.02449, 1.01974, 1.01973, 0.00270, 0.0
2.31707, 0.24194, 0.0, -0.02449, 1.02015, 1.02015, 0.00242, 0.0
2.31707, 0.27419, 0.0, -0.02449, 1.02029, 1.02028, 0.00214, 0.0
2.31707, 0.30645, 0.0, -0.02449, 1.02028, 1.02028, 0.00184, 0.0
2.31707, 0.33871, 0.0, -0.02449, 1.02021, 1.02021, 0.00154, 0.0
2.31707, 0.37097, 0.0, -0.02449, 1.02012, 1.02012, 0.00123, 0.0
2.31707, 0.40323, 0.0, -0.02449, 1.02003, 1.02003, 0.00092, 0.0
2.31707, 0.43548, 0.0, -0.02449, 1.01997, 1.01997, 0.00062, 0.0
2.31707, 0.46774, 0.0, -0.02449, 1.01992, 1.01992, 0.00031, 0.0
2.31707, 0.50000, 0.0, -0.02449, 1.01991, 1.01991, -0.00000, 0.0
2.31707, 0.53226, 0.0, -0.02449, 1.01992, 1.01992, -0.00031, 0.0
2.31707, 0.56452, 0.0, -0.02449, 1.01997, 1.01997, -0.00062, 0.0
2.31707, 0.59677, 0.0, -0.02449, 1.02003, 1.02003, -0.00092, 0.0
2.31707, 0.62903, 0.0, -0.02449, 1.02012, 1.02012, -0.00123, 0.0
2.31707, 0.66129, 0.0, -0.02449, 1.02021, 1.02021, -0.00154, 0.0
2.31707, 0.69355, 0.0, -0.02449, 1.02028, 1.02028, -0.00184, 0.0
2.31707, 0.72581, 0.0, -0.02449, 1.02029, 1.02028, -0.00214, 0.0
2.31707, 0.75806, 0.0, -0.02449, 1.02015, 1.02015, -0.00242, 0.0
2.31707, 0.79032, 0.0, -0.02449, 1.01974, 1.01973, -0.00270, 0.0
2.31707, 0.82258, 0.0, -0.02448, 1.01877, 1.01876, -0.00295, 0.0
2.31707, 0.85484, 0.0, -0.02448, 1.01662, 1.01661, -0.00316, 0.0
2.31707, 0.88710, 0.0, -0.02447, 1.01159, 1.01158, -0.00329, 0.0
2.31707, 0.91935, 0.0, -0.02447, 0.99786, 0.99786, -0.00328, 0.0
2.31707, 0.95161, 0.0, -0.02447, 0.95267, 0.95266, -0.00275, 0.0
2.31707, 0.98387, 0.0, -0.02449, 0.81187, 0.81187, -0.00146, 0.0
2.31707, 1.00000, 0.0, -0.02451, 0.00000, 0.00000, 0.00000, 0.0
2.56098, 0.00000, 0.0, -0.02688, 0.00000, 0.00000, 0.00000, 0.0
2.56098, 0.01613, 0.0, -0.02687, 0.79665, 0.79665, 0.00131, 0.0
2.56098, 0.04839, 0.0, -0.02684, 0.94525, 0.94524, 0.00264, 0.0
2.56098, 0.08065, 0.0, -0.02684, 0.99592, 0.99591, 0.00319, 0.0
2.56098, 0.11290, 0.0, -0.02684, 1.01192, 1.01192, 0.00324, 0.0
2.56098, 0.14516, 0.0, -0.02685, 1.01788, 1.01788, 0.00312, 0.0
2.56098, 0.17742, 0.0, -0.02685, 1.02048, 1.02048, 0.00292, 0.0
2.56098, 0.20968, 0.0, -0.02685, 1.02170, 1.02170, 0.00268, 0.0
2.56098, 0.24194, 0.0, -0.02685, 1.02226, 1.02226, 0.00241, 0.0
2.56098, 0.27419, 0.0, -0.02686, 1.02248, 1.02248, 0.00212, 0.0
2.56098, 0.30645, 0.0, -0.02686, 1.02253, 1.02253, 0.00183, 0.0
2.56098, 0.33871, 0.0, -0.02685, 1.02250, 1.02250, 0.00153, 0.0
2.56098, 0.37097, 0.0, -0.02685, 1.02243, 1.02243, 0.00123, 0.0
2.56098, 0.40323, 0.0, -0.02685, 1.02235, 1.02235, 0.00092, 0.0
2.56098, 0.43548, 0.0, -0.02685, 1.02229, 1.02229, 0.00061, 0.0
2.56098, 0.46774, 0.0, -0.02685, 1.02225, 1.02225, 0.00031, 0.0
2.56098, 0.50000, 0.0, -0.02685, 1.02224, 1.02224, -0.00000, 0.0
2.56098, 0.53226, 0.0, -0.02685, 1.02225, 1.02225, -0.00031, 0.0
2.56098, 0.56452, 0.0, -0.02685, 1.02229, 1.02229, -0.00061, 0.0
2.56098, 0.59677, 0.0, -0.02685, 1.02235, 1.02235, -0.00092, 0.0
2.56098, 0.62903, 0.0, -0.02685, 1.02243, 1.02243, -0.00123, 0.0
2.56098, 0.66129, 0.0, -0.02685, 1.02250, 1.02250, -0.00153, 0.0
2.56098, 0.69355, 0.0, -0.02686, 1.02253, 1.02253, -0.00183, 0.0
2.56098, 0.72581, 0.0, -0.02686, 1.02248, 1.02248, -0.00212, 0.0
2.56098, 0.75806, 0.0, -0.02685, 1.02226, 1.02226, -0.00241, 0.0
2.56098, 0.79032, 0.0, -0.02685, 1.02170, 1.02170, -0.00268, 0.0
2.56098, 0.82258, 0.0, -0.02685, 1.02048, 1.02048, -0.00292, 0.0
2.56098, 0.85484, 0.0, -0.02685, 1.01788, 1.01788, -0.00312, 0.0
2.56098, 0.88710, 0.0, -0.02684, 1.01192, 1.01192, -0.00324, 0.0
2.56098, 0.91935, 0.0, -0.02684, 0.99592, 0.99591, -0.00319, 0.0
2.56098, 0.95161, 0.0, -0.02684, 0.94525, 0.94524, -0.00264, 0.0
2.56098, 0.98387, 0.0, -0.02687, 0.79665, 0.79665, -0.00131, 0.0
2.56098, 1.00000, 0.0, -0.02688, 0.00000, 0.00000, 0.00000, 0.0
2.80488, 0.00000, 0.0, -0.02925, 0.00000, 0.00000, 0.00000, 0.0
2.80488, 0.01613, 0.0, -0.02924, 0.78241, 0.78241, 0.00117, 0.0
2.80488, 0.04839, 0.0, -0.02921, 0.93771, 0.93770, 0.00251, 0.0
2.80488, 0.08065, 0.0, -0.02921, 0.99368, 0.99368, 0.00310, 0.0
2.80488, 0.11290, 0.0, -0.02921, 1.01209, 1.01209, 0.00318, 0.0
2.80488, 0.14516, 0.0, -0.02921, 1.01905, 1.01905, 0.00307, 0.0
2.80488, 0.17742, 0.0, -0.02921, 1.02213, 1.02213, 0.00288, 0.0
2.80488, 0.20968, 0.0, -0.02922, 1.02361, 1.02361, 0.00265, 0.0
2.80488, 0.24194, 0.0, -0.02922, 1.02433, 1.02433, 0.00238, 0.0
2.80488, 0.27419, 0.0, -0.02922, 1.02465, 1.02465, 0.00210, 0.0
2.80488, 0.30645, 0.0, -0.02922, 1.02476, 1.02476, 0.00181, 0.0
2.80488, 0.33871, 0.0, -0.02922, 1.02477, 1.02477, 0.00152, 0.0
2.80488, 0.37097, 0.0, -0.02921, 1.02472, 1.02472, 0.00122, 0.0
2.80488, 0.40323, 0.0, -0.02921, 1.02466, 1.02466, 0.00092, 0.0
2.80488, 0.43548, 0.0, -0.02921, 1.02461, 1.02461, 0.00061, 0.0
2.80488, 0.46774, 0.0, -0.02921, 1.02457, 1.02457, 0.00031, 0.0
2.80488, 0.50000, 0.0, -0.02921, 1.02456, 1.02456, -0.00000, 0.0
2.80488, 0.53226, 0.0, -0.02921, 1.02457, 1.02457, -0.00031, 0.0
2.80488, 0.56452, 0.0, -0.02921, 1.02461, 1.02461, -0.00061, 0.0
2.80488, 0.59677, 0.0, -0.02921, 1.02466, 1.02466, -0.00092, 0.0
2.80488, 0.62903, 0.0, -0.02921, 1.02472, 1.02472, -0.00122, 0.0
2.80488, 0.66129, 0.0, -0.02922, 1.02477, 1.02477, -0.00152, 0.0
2.80488, 0.69355, 0.0, -0.02922, 1.02476, 1.02476, -0.00181, 0.0
2.80488, 0.72581, 0.0, -0.02922, 1.02465, 1.02465, -0.00210, 0.0
2.80488, 0.75806, 0.0, -0.02922, 1.02433, 1.02433, -0.00238, 0.0
2.80488, 0.79032, 0.0, -0.02922, 1.02361, 1.02361, -0.00265, 0.0
2.80488, 0.82258, 0.0, -0.02921, 1.02213, 1.02213, -0.00288, 0.0
2.80488, 0.85484, 0.0, -0.02921, 1.01905, 1.01905, -0.00307, 0.0
2.80488, 0.88710, 0.0, -0.02921, 1.01209, 1.01209, -0.00318, 0.0
2.80488, 0.91935, 0.0, -0.02921, 0.99368, 0.99368, -0.00310, 0.0
2.80488, 0.95161, 0.0, -0.02921, 0.93771, 0.93770, -0.00251, 0.0
2.80488, 0.98387, 0.0, -0.02924, 0.78241, 0.78241, -0.00117, 0.0
2.80488, 1.00000, 0.0, -0.02925, 0.00000, 0.00000, 0.00000, 0.0
3.04878, 0.00000, 0.0, -0.03162, 0.00000, 0.00000, 0.00000, 0.0
3.04878, 0.01613, 0.0, -0.03160, 0.76916, 0.76915, 0.00104, 0.0
3.04878, 0.04839, 0.0, -0.03158, 0.93010, 0.93009, 0.00237, 0.0
3.04878, 0.08065, 0.0, -0.03157, 0.99115, 0.99115, 0.00299, 0.0
3.04878, 0.11290, 0.0, -0.03157, 1.01209, 1.01208, 0.00310, 0.0
3.04878, 0.14516, 0.0, -0.03157, 1.02012, 1.02011, 0.00302, 0.0
3.04878, 0.17742, 0.0, -0.03157, 1.02371, 1.02370, 0.00284, 0.0
3.04878, 0.20968, 0.0, -0.03157, 1.02547, 1.02546, 0.00261, 0.0
3.04878, 0.24194, 0.0, -0.03157, 1.02635, 1.02635, 0.00235, 0.0
3.04878, 0.27419, 0.0, -0.03157, 1.02678, 1.02678, 0.00208, 0.0
3.04878, 0.30645, 0.0, -0.03157, 1.02696, 1.02696, 0.00180, 0.0
3.04878, 0.33871, 0.0, -0.03157, 1.02701, 1.02701, 0.00150, 0.0
3.04878, 0.37097, 0.0, -0.03157, 1.02699, 1.02699, 0.00121, 0.0
3.04878, 0.40323, 0.0, -0.03157, 1.02695, 1.02695, 0.00091, 0.0
3.04878, 0.43548, 0.0, -0.03157, 1.02690, 1.02690, 0.00061, 0.0
3.04878, 0.46774, 0.0, -0.03156, 1.02687, 1.02687, 0.00030, 0.0
3.04878, 0.50000, 0.0, -0.03156, 1.02686, 1.02686, -0.00000, 0.0
3.04878, 0.53226, 0.0, -0.03156, 1.02687, 1.02687, -0.00030, 0.0
3.04878, 0.56452, 0.0, -0.03157, 1.02690, 1.02690, -0.00061, 0.0
3.04878, 0.59677, 0.0, -0.03157, 1.02695, 1.02695, -0.00091, 0.0
3.04878, 0.62903, 0.0, -0.03157, 1.02699, 1.02699, -0.00121, 0.0
3.04878, 0.66129, 0.0, -0.03157, 1.02701, 1.02701, -0.00150, 0.0
3.04878, 0.69355, 0.0, -0.03157, 1.02696, 1.02696, -0.00180, 0.0
3.04878, 0.72581, 0.0, -0.03157, 1.02678, 1.02678, -0.00208, 0.0
3.04878, 0.75806, 0.0, -0.03157, 1.02635, 1.02635, -0.00235, 0.0
3.04878, 0.79032, 0.0, -0.03157, 1.02547, 1.02546, -0.00261, 0.0
3.04878, 0.82258, 0.0, -0.03157, 1.02371, 1.02370, -0.00284, 0.0
3.04878, 0.85484, 0.0, -0.03157, 1.02012, 1.02011, -0.00302, 0.0
3.04878, 0.88710, 0.0, -0.03157, 1.01209, 1.01208, -0.00310, 0.0
3.04878, 0.91935, 0.0, -0.03157, 0.99115, 0.99115, -0.00299, 0.0
3.04878, 0.95161, 0.0, -0.03158, 0.93010, 0.93009, -0.00237, 0.0
3.04878, 0.98387, 0.0, -0.03160, 0.76916, 0.76915, -0.00104, 0.0
3.04878, 1.00000, 0.0, -0.03162, 0.00000, 0.00000, 0.00000, 0.0
3.29268, 0.00000, 0.0, -0.03397, 0.00000, 0.00000, 0.00000, 0.0
3.29268, 0.01613, 0.0, -0.03395, 0.75690, 0.75690, 0.00091, 0.0
3.29268, 0.04839, 0.0, -0.03392, 0.92248, 0.92248, 0.00223, 0.0
3.29268, 0.08065, 0.0, -0.03391, 0.98832, 0.98831, 0.00287, 0.0
3.29268, 0.11290, 0.0, -0.03391, 1.01190, 1.01189, 0.00303, 0.0
3.29268, 0.14516, 0.0, -0.03391, 1.02107, 1.02106, 0.00296, 0.0
3.29268, 0.17742, 0.0, -0.03391, 1.02521, 1.02520, 0.00279, 0.0
3.29268, 0.20968, 0.0, -0.03391, 1.02727, 1.02726, 0.00257, 0.0
3.29268, 0.24194, 0.0, -0.03391, 1.02833, 1.02833, 0.00232, 0.0
3.29268, 0.27419, 0.0, -0.03391, 1.02887, 1.02887, 0.00205, 0.0
3.29268, 0.30645, 0.0, -0.03391, 1.02913, 1.02913, 0.00177, 0.0
3.29268, 0.33871, 0.0, -0.03391, 1.02922, 1.02922, 0.00149, 0.0
3.29268, 0.37097, 0.0, -0.03391, 1.02923, 1.02923, 0.00119, 0.0
3.29268, 0.40323, 0.0, -0.03391, 1.02921, 1.02921, 0.00090, 0.0
3.29268, 0.43548, 0.0, -0.03391, 1.02917, 1.02917, 0.00060, 0.0
3.29268, 0.46774, 0.0, -0.03390, 1.02915, 1.02915, 0.00030, 0.0
3.29268, 0.50000, 0.0, -0.03390, 1.02914, 1.02914, -0.00000, 0.0
3.29268, 0.53226, 0.0, -0.03390, 1.02915, 1.02915, -0.00030, 0.0
3.29268, 0.56452, 0.0, -0.03391, 1.02917, 1.02917, -0.00060, 0.0
3.29268, 0.59677, 0.0, -0.03391, 1.02921, 1.02921, -0.00090, 0.0
3.29268, 0.62903, 0.0, -0.03391, 1.02923, 1.02923, -0.00119, 0.0
3.29268, 0.66129, 0.0, -0.03391, 1.02922, 1.02922, -0.00149, 0.0
3.29268, 0.69355, 0.0, -0.03391, 1.02913, 1.02913, -0.00177, 0.0
3.29268, 0.72581, 0.0, -0.03391, 1.02887, 1.02887, -0.00205, 0.0
3.29268, 0.75806, 0.0, -0.03391, 1.02833, 1.02833, -0.00232, 0.0
3.29268, 0.79032, 0.0, -0.03391, 1.02727, 1.02726, -0.00257, 0.0
3.29268, 0.82258, 0.0, -0.03391, 1.02521, 1.02520, -0.00279, 0.0
3.29268, 0.85484, 0.0, -0.03391, 1.02107, 1.02106, -0.00296, 0.0
3.29268, 0.88710, 0.0, -0.03391, 1.01190, 1.01189, -0.00303, 0.0
3.29268, 0.91935, 0.0, -0.03391, 0.98832, 0.98831, -0.00287, 0.0
3.29268, 0.95161, 0.0, -0.03392, 0.92248, 0.92248, -0.00223, 0.0
3.29268, 0.98387, 0.0, -0.03395, 0.75690, 0.75690, -0.00091, 0.0
3.29268, 1.00000, 0.0, -0.03397, 0.00000, 0.00000, 0.00000, 0.0
3.53659, 0.00000, 0.0, -0.03630, 0.00000, 0.00000, 0.00000, 0.0
3.53659, 0.01613, 0.0, -0.03628, 0.74564, 0.74564, 0.00079, 0.0
3.53659, 0.04839, 0.0, -0.03626, 0.91491, 0.91491, 0.00209, 0.0
3.53659, 0.08065, 0.0, -0.03624, 0.98518, 0.98517, 0.00275, 0.0
3.53659, 0.11290, 0.0, -0.03624, 1.01151, 1.01151, 0.00294, 0.0
3.53659, 0.14516, 0.0, -0.03624, 1.02191, 1.02190, 0.00289, 0.0
3.53659, 0.17742, 0.0, -0.03624, 1.02663, 1.02662, 0.00274, 0.0
3.53659, 0.20968, 0.0, -0.03624, 1.02900, 1.02900, 0.00253, 0.0
3.53659, 0.24194, 0.0, -0.03624, 1.03026, 1.03026, 0.00229, 0.0
3.53659, 0.27419, 0.0, -0.03624, 1.03092, 1.03092, 0.00202, 0.0
3.53659, 0.30645, 0.0, -0.03623, 1.03125, 1.03125, 0.00175, 0.0
3.53659, 0.33871, 0.0, -0.03623, 1.03140, 1.03140, 0.00147, 0.0
3.53659, 0.37097, 0.0, -0.03623, 1.03145, 1.03144, 0.00118, 0.0
3.53659, 0.40323, 0.0, -0.03623, 1.03144, 1.03144, 0.00089, 0.0
3.53659, 0.43548, 0.0, -0.03623, 1.03142, 1.03142, 0.00059, 0.0
3.53659, 0.46774, 0.0, -0.03623, 1.03140, 1.03140, 0.00030, 0.0
3.53659, 0.50000, 0.0, -0.03623, 1.03139, 1.03139, -0.00000, 0.0
3.53659, 0.53226, 0.0, -0.03623, 1.03140, 1.03140, -0.00030, 0.0
3.53659, 0.56452, 0.0, -0.03623, 1.03142, 1.03142, -0.00059, 0.0
3.53659, 0.59677, 0.0, -0.03623, 1.03144, 1.03144, -0.00089, 0.0
3.53659, 0.62903, 0.0, -0.03623, 1.03145, 1.03144, -0.00118, 0.0
3.53659, 0.66129, 0.0, -0.03623, 1.03140, 1.03140, -0.00147, 0.0
3.53659, 0.69355, 0.0, -0.03623, 1.03125, 1.03125, -0.00175, 0.0
3.53659, 0.72581, 0.0, -0.03624, 1.03092, 1.03092, -0.00202, 0.0
3.53659, 0.75806, 0.0, -0.03624, 1.03026, 1.03026, -0.00229, 0.0
3.53659, 0.79032, 0.0, -0.03624, 1.02900, 1.02900, -0.00253, 0.0
3.53659, 0.82258, 0.0, -0.03624, 1.02663, 1.02662, -0.00274, 0.0
3.53659, 0.85484, 0.0, -0.03624, 1.02191, 1.02190, -0.00289, 0.0
3.53659, 0.88710, 0.0, -0.03624, 1.01151, 1.01151, -0.00294, 0.0
3.53659, 0.91935, 0.0, -0.03624, 0.98518, 0.98517, -0.00275, 0.0
3.53659, 0.95161, 0.0, -0.03626, 0.91491, 0.91491, -0.00209, 0.0
3.53659, 0.98387, 0.0, -0.03628, 0.74564, 0.74564, -0.00079, 0.0
3.53659, 1.00000, 0.0, -0.03630, 0.00000, 0.00000, 0.00000, 0.0
3.78049, 0.00000, 0.0, -0.03861, 0.00000, 0.00000, 0.00000, 0.0
3.78049, 0.01613, 0.0, -0.03859, 0.73536, 0.73536, 0.00067, 0.0
3.78049, 0.04839, 0.0, -0.03857, 0.90745, 0.90745, 0.00194, 0.0
3.78049, 0.08065, 0.0, -0.03855, 0.98175, 0.98174, 0.00262, 0.0
3.78049, 0.11290, 0.0, -0.03854, 1.01092, 1.01092, 0.00285, 0.0
3.78049, 0.14516, 0.0, -0.03854, 1.02262, 1.02262, 0.00282, 0.0
3.78049, 0.17742, 0.0, -0.03854, 1.02796, 1.02796, 0.00268, 0.0
3.78049, 0.20968, 0.0, -0.03854, 1.03068, 1.03067, 0.00248, 0.0
3.78049, 0.24194, 0.0, -0.03854, 1.03214, 1.03213, 0.00225, 0.0
3.78049, 0.27419, 0.0, -0.03854, 1.03293, 1.03292, 0.00199, 0.0
3.78049, 0.30645, 0.0, -0.03854, 1.03334, 1.03334, 0.00172, 0.0
3.78049, 0.33871, 0.0, -0.03854, 1.03354, 1.03354, 0.00145, 0.0
3.78049, 0.37097, 0.0, -0.03853, 1.03362, 1.03362, 0.00116, 0.0
3.78049, 0.40323, 0.0, -0.03853, 1.03364, 1.03364, 0.00087, 0.0
3.78049, 0.43548, 0.0, -0.03853, 1.03364, 1.03364, 0.00058, 0.0
3.78049, 0.46774, 0.0, -0.03853, 1.03363, 1.03363, 0.00029, 0.0
3.78049, 0.50000, 0.0, -0.03853, 1.03362, 1.03362, -0.00000, 0.0
3.78049, 0.53226, 0.0, -0.03853, 1.03363, 1.03363, -0.00029, 0.0
3.78049, 0.56452, 0.0, -0.03853, 1.03364, 1.03364, -0.00058, 0.0
3.78049, 0.59677, 0.0, -0.03853, 1.03364, 1.03364, -0.00087, 0.0
3.78049, 0.62903, 0.0, -0.03853, 1.03362, 1.03362, -0.00116, 0.0
3.78049, 0.66129, 0.0, -0.03854, 1.03354, 1.03354, -0.00145, 0.0
3.78049, 0.69355, 0.0, -0.03854, 1.03334, 1.03334, -0.00172, 0.0
3.78049, 0.72581, 0.0, -0.03854, 1.03293, 1.03292, -0.00199, 0.0
3.78049, 0.75806, 0.0, -0.03854, 1.03214, 1.03213, -0.00225, 0.0
3.78049, 0.79032, 0.0, -0.03854, 1.03068, 1.03067, -0.00248, 0.0
3.78049, 0.82258, 0.0, -0.03854, 1.02796, 1.02796, -0.00268, 0.0
3.78049, 0.85484, 0.0, -0.03854, 1.02262, 1.02262, -0.00282, 0.0
3.78049, 0.88710, 0.0, -0.03854, 1.01092, 1.01092, -0.00285, 0.0
3.78049, 0.91935, 0.0, -0.03855, 0.98175, 0.98174, -0.00262, 0.0
3.78049, 0.95161, 0.0, -0.03857, 0.90745, 0.90745, -0.00194, 0.0
3.78049, 0.98387, 0.0, -0.03859, 0.73536, 0.73536, -0.00067, 0.0
3.78049, 1.00000, 0.0, -0.03861, 0.00000, 0.00000, 0.00000, 0.0
4.02439, 0.00000, 0.0, -0.04090, 0.00000, 0.00000, 0.00000, 0.0
4.02439, 0.01613, 0.0, -0.04088, 0.72603, 0.72603, 0.00057, 0.0
4.02439, 0.04839, 0.0, -0.04085, 0.90013, 0.90013, 0.00179, 0.0
4.02439, 0.08065, 0.0, -0.04083, 0.97803, 0.97803, 0.00249, 0.0
4.02439, 0.11290, 0.0, -0.04083, 1.01012, 1.01012, 0.00276, 0.0
4.02439, 0.14516, 0.0, -0.04082, 1.02321, 1.02321, 0.00275, 0.0
4.02439, 0.17742, 0.0, -0.04082, 1.02921, 1.02921, 0.00262, 0.0
4.02439, 0.20968, 0.0, -0.04082, 1.03229, 1.03228, 0.00243, 0.0
4.02439, 0.24194, 0.0, -0.04082, 1.03396, 1.03395, 0.00221, 0.0
4.02439, 0.27419, 0.0, -0.04082, 1.03488, 1.03488, 0.00196, 0.0
4.02439, 0.30645, 0.0, -0.04082, 1.03539, 1.03538, 0.00170, 0.0
4.02439, 0.33871, 0.0, -0.04082, 1.03565, 1.03565, 0.00142, 0.0
4.02439, 0.37097, 0.0, -0.04082, 1.03577, 1.03577, 0.00115, 0.0
4.02439, 0.40323, 0.0, -0.04082, 1.03581, 1.03581, 0.00086, 0.0
4.02439, 0.43548, 0.0, -0.04081, 1.03582, 1.03582, 0.00058, 0.0
4.02439, 0.46774, 0.0, -0.04081, 1.03582, 1.03582, 0.00029, 0.0
4.02439, 0.50000, 0.0, -0.04081, 1.03582, 1.03582, -0.00000, 0.0
4.02439, 0.53226, 0.0, -0.04081, 1.03582, 1.03582, -0.00029, 0.0
4.02439, 0.56452, 0.0, -0.04081, 1.03582, 1.03582, -0.00058, 0.0
4.02439, 0.59677, 0.0, -0.04082, 1.03581, 1.03581, -0.00086, 0.0
4.02439, 0.62903, 0.0, -0.04082, 1.03577, 1.03577, -0.00115, 0.0
4.02439, 0.66129, 0.0, -0.04082, 1.03565, 1.03565, -0.00142, 0.0
4.02439, 0.69355, 0.0, -0.04082, 1.03539, 1.03538, -0.00170, 0.0
4.02439, 0.72581, 0.0, -0.04082, 1.03488, 1.03488, -0.00196, 0.0
4.02439, 0.75806, 0.0, -0.04082, 1.03396, 1.03395, -0.00221, 0.0
4.02439, 0.79032, 0.0, -0.04082, 1.03229, 1.03228, -0.00243, 0.0
4.02439, 0.82258, 0.0, -0.04082, 1.02921, 1.02921, -0.00262, 0.0
4.02439, 0.85484, 0.0, -0.04082, 1.02321, 1.02321, -0.00275, 0.0
4.02439, 0.88710, 0.0, -0.04083, 1.01012, 1.01012, -0.00276, 0.0
4.02439, 0.91935, 0.0, -0.04083, 0.97803, 0.97803, -0.00249, 0.0
4.02439, 0.95161, 0.0, -0.04085, 0.90013, 0.90013, -0.00179, 0.0
4.02439, 0.98387, 0.0, -0.04088, 0.72603, 0.72603, -0.00057, 0.0
4.02439, 1.00000, 0.0, -0.04090, 0.00000, 0.00000, 0.00000, 0.0
4.26829, 0.00000, 0.0, -0.04316, 0.00000, 0.00000, 0.00000, 0.0
4.26829, 0.01613, 0.0, -0.04314, 0.71760, 0.71760, 0.00048, 0.0
4.26829, 0.04839, 0.0, -0.04311, 0.89302, 0.89301, 0.00165, 0.0
4.26829, 0.08065, 0.0, -0.04309, 0.97405, 0.97405, 0.00235, 0.0
4.26829, 0.11290, 0.0, -0.04308, 1.00909, 1.00909, 0.00267, 0.0
4.26829, 0.14516, 0.0, -0.04308, 1.02367, 1.02366, 0.00268, 0.0
4.26829, 0.17742, 0.0, -0.04308, 1.03038, 1.03038, 0.00257, 0.0
4.26829, 0.20968, 0.0, -0.04308, 1.03383, 1.03383, 0.00239, 0.0
4.26829, 0.24194, 0.0, -0.04308, 1.03572, 1.03572, 0.00217, 0.0
4.26829, 0.27419, 0.0, -0.04308, 1.03679, 1.03679, 0.00193, 0.0
4.26829, 0.30645, 0.0, -0.04308, 1.03739, 1.03739, 0.00167, 0.0
4.26829, 0.33871, 0.0, -0.04308, 1.03771, 1.03771, 0.00140, 0.0
4.26829, 0.37097, 0.0, -0.04308, 1.03788, 1.03788, 0.00113, 0.0
4.26829, 0.40323, 0.0, -0.04307, 1.03795, 1.03795, 0.00085, 0.0
4.26829, 0.43548, 0.0, -0.04307, 1.03798, 1.03798, 0.00057, 0.0
4.26829, 0.46774, 0.0, -0.04307, 1.03798, 1.03798, 0.00028, 0.0
4.26829, 0.50000, 0.0, -0.04307, 1.03798, 1.03798, -0.00000, 0.0
4.26829, 0.53226, 0.0, -0.04307, 1.03798, 1.03798, -0.00028, 0.0
4.26829, 0.56452, 0.0, -0.04307, 1.03798, 1.03798, -0.00057, 0.0
4.26829, 0.59677, 0.0, -0.04307, 1.03795, 1.03795, -0.00085, 0.0
4.26829, 0.62903, 0.0, -0.04308, 1.03788, 1.03788, -0.00113, 0.0
4.26829, 0.66129, 0.0, -0.04308, 1.03771, 1.03771, -0.00140, 0.0
4.26829, 0.69355, 0.0, -0.04308, 1.03739, 1.03739, -0.00167, 0.0
4.26829, 0.72581, 0.0, -0.04308, 1.03679, 1.03679, -0.00193, 0.0
4.26829, 0.75806, 0.0, -0.04308, 1.03572, 1.03572, -0.00217, 0.0
4.26829, 0.79032, 0.0, -0.04308, 1.03383, 1.03383, -0.00239, 0.0
4.26829, 0.82258, 0.0, -0.04308, 1.03038, 1.03038, -0.00257, 0.0
4.26829, 0.85484, 0.0, -0.04308, 1.02367, 1.02366, -0.00268, 0.0
4.26829, 0.88710, 0.0, -0.04308, 1.00909, 1.00909, -0.00267, 0.0
4.26829, 0.91935, 0.0, -0.04309, 0.97405, 0.97405, -0.00235, 0.0
4.26829, 0.95161, 0.0, -0.04311, 0.89302, 0.89301, -0.00165, 0.0
4.26829, 0.98387, 0.0, -0.04314, 0.71760, 0.71760, -0.00048, 0.0
4.26829, 1.00000, 0.0, -0.04316, 0.00000, 0.00000, 0.00000, 0.0
4.51220, 0.00000, 0.0, -0.04539, 0.00000, 0.00000, 0.00000, 0.0
4.51220, 0.01613, 0.0, -0.04538, 0.71001, 0.71001, 0.00040, 0.0
4.51220, 0.04839, 0.0, -0.04535, 0.88614, 0.88613, 0.00151, 0.0
4.51220, 0.08065, 0.0, -0.04532, 0.96984, 0.96984, 0.00222, 0.0
4.51220, 0.11290, 0.0, -0.04532, 1.00784, 1.00783, 0.00258, 0.0
4.51220, 0.14516, 0.0, -0.04532, 1.02399, 1.02398, 0.00261, 0.0
4.51220, 0.17742, 0.0, -0.04532, 1.03145, 1.03145, 0.00251, 0.0
4.51220, 0.20968, 0.0, -0.04532, 1.03530, 1.03530, 0.00234, 0.0
4.51220, 0.24194, 0.0, -0.04532, 1.03743, 1.03743, 0.00213, 0.0
4.51220, 0.27419, 0.0, -0.04532, 1.03865, 1.03865, 0.00190, 0.0
4.51220, 0.30645, 0.0, -0.04531, 1.03935, 1.03935, 0.00164, 0.0
4.51220, 0.33871, 0.0, -0.04531, 1.03974, 1.03974, 0.00138, 0.0
4.51220, 0.37097, 0.0, -0.04531, 1.03995, 1.03995, 0.00111, 0.0
4.51220, 0.40323, 0.0, -0.04531, 1.04005, 1.04005, 0.00084, 0.0
4.51220, 0.43548, 0.0, -0.04531, 1.04010, 1.04010, 0.00056, 0.0
4.51220, 0.46774, 0.0, -0.04531, 1.04012, 1.04012, 0.00028, 0.0
4.51220, 0.50000, 0.0, -0.04531, 1.04012, 1.04012, -0.00000, 0.0
4.51220, 0.53226, 0.0, -0.04531, 1.04012, 1.04012, -0.00028, 0.0
4.51220, 0.56452, 0.0, -0.04531, 1.04010, 1.04010, -0.00056, 0.0
4.51220, 0.59677, 0.0, -0.04531, 1.04005, 1.04005, -0.00084, 0.0
4.51220, 0.62903, 0.0, -0.04531, 1.03995, 1.03995, -0.00111, 0.0
4.51220, 0.66129, 0.0, -0.04531, 1.03974, 1.03974, -0.00138, 0.0
4.51220, 0.69355, 0.0, -0.04531, 1.03935, 1.03935, -0.00164, 0.0
4.51220, 0.72581, 0.0, -0.04532, 1.03865, 1.03865, -0.00190, 0.0
4.51220, 0.75806, 0.0, -0.04532, 1.03743, 1.03743, -0.00213, 0.0
4.51220, 0.79032, 0.0, -0.04532, 1.03530, 1.03530, -0.00234, 0.0
4.51220, 0.82258, 0.0, -0.04532, 1.03145, 1.03145, -0.00251, 0.0
4.51220, 0.85484, 0.0, -0.04532, 1.02399, 1.02398, -0.00261, 0.0
4.51220, 0.88710, 0.0, -0.04532, 1.00784, 1.00783, -0.00258, 0.0
4.51220, 0.91935, 0.0, -0.04532, 0.96984, 0.96984, -0.00222, 0.0
4.51220, 0.95161, 0.0, -0.04535, 0.88614, 0.88613, -0.00151, 0.0
4.51220, 0.98387, 0.0, -0.04538, 0.71001, 0.71001, -0.00040, 0.0
4.51220, 1.00000, 0.0, -0.04539, 0.00000, 0.00000, 0.00000, 0.0
4.75610, 0.00000, 0.0, -0.04761, 0.00000, 0.00000, 0.00000, 0.0
4.75610, 0.01613, 0.0, -0.04759, 0.70318, 0.70318, 0.00034, 0.0
4.75610, 0.04839, 0.0, -0.04757, 0.87952, 0.87952, 0.00137, 0.0
4.75610, 0.08065, 0.0, -0.04754, 0.96544, 0.96544, 0.00209, 0.0
4.75610, 0.11290, 0.0, -0.04753, 1.00635, 1.00634, 0.00248, 0.0
4.75610, 0.14516, 0.0, -0.04753, 1.02416, 1.02416, 0.00255, 0.0
4.75610, 0.17742, 0.0, -0.04753, 1.03244, 1.03244, 0.00246, 0.0
4.75610, 0.20968, 0.0, -0.04753, 1.03671, 1.03671, 0.00230, 0.0
4.75610, 0.24194, 0.0, -0.04753, 1.03909, 1.03909, 0.00209, 0.0
4.75610, 0.27419, 0.0, -0.04753, 1.04047, 1.04047, 0.00186, 0.0
4.75610, 0.30645, 0.0, -0.04753, 1.04127, 1.04127, 0.00162, 0.0
4.75610, 0.33871, 0.0, -0.04753, 1.04173, 1.04173, 0.00136, 0.0
4.75610, 0.37097, 0.0, -0.04753, 1.04199, 1.04199, 0.00110, 0.0
4.75610, 0.40323, 0.0, -0.04753, 1.04213, 1.04213, 0.00083, 0.0
4.75610, 0.43548, 0.0, -0.04752, 1.04219, 1.04219, 0.00055, 0.0
4.75610, 0.46774, 0.0, -0.04752, 1.04222, 1.04222, 0.00028, 0.0
4.75610, 0.50000, 0.0, -0.04752, 1.04223, 1.04223, -0.00000, 0.0
4.75610, 0.53226, 0.0, -0.04752, 1.04222, 1.04222, -0.00028, 0.0
4.75610, 0.56452, 0.0, -0.04752, 1.04219, 1.04219, -0.00055, 0.0
4.75610, 0.59677, 0.0, -0.04753, 1.04213, 1.04213, -0.00083, 0.0
4.75610, 0.62903, 0.0, -0.04753, 1.04199, 1.04199, -0.00110, 0.0
4.75610, 0.66129, 0.0, -0.04753, 1.04173, 1.04173, -0.00136, 0.0
4.75610, 0.69355, 0.0, -0.04753, 1.04127, 1.04127, -0.00162, 0.0
4.75610, 0.72581, 0.0, -0.04753, 1.04047, 1.04047, -0.00186, 0.0
4.75610, 0.75806, 0.0, -0.04753, 1.03909, 1.03909, -0.00209, 0.0
4.75610, 0.79032, 0.0, -0.04753, 1.03671, 1.03671, -0.00230, 0.0
4.75610, 0.82258, 0.0, -0.04753, 1.03244, 1.03244, -0.00246, 0.0
4.75610, 0.85484, 0.0, -0.04753, 1.02416, 1.02416, -0.00255, 0.0
4.75610, 0.88710, 0.0, -0.04753, 1.00635, 1.00634, -0.00248, 0.0
4.75610, 0.91935, 0.0, -0.04754, 0.96544, 0.96544, -0.00209, 0.0
4.75610, 0.95161, 0.0, -0.04757, 0.87952, 0.87952, -0.00137, 0.0
4.75610, 0.98387, 0.0, -0.04759, 0.70318, 0.70318, -0.00034, 0.0
4.75610, 1.00000, 0.0, -0.04761, 0.00000, 0.00000, 0.00000, 0.0
5.00000, 0.00000, 0.0, -0.04980, 0.00000, 0.00000, 0.00000, 0.0
5.00000, 0.01613, 0.0, -0.04978, 0.69705, 0.69705, 0.00028, 0.0
5.00000, 0.04839, 0.0, -0.04976, 0.87321, 0.87321, 0.00125, 0.0
5.00000, 0.08065, 0.0, -0.04973, 0.96089, 0.96089, 0.00197, 0.0
5.00000, 0.11290, 0.0, -0.04972, 1.00463, 1.00463, 0.00239, 0.0
5.00000, 0.14516, 0.0, -0.04972, 1.02419, 1.02419, 0.00248, 0.0
5.00000, 0.17742, 0.0, -0.04972, 1.03334, 1.03333, 0.00241, 0.0
5.00000, 0.20968, 0.0, -0.04972, 1.03806, 1.03806, 0.00225, 0.0
5.00000, 0.24194, 0.0, -0.04972, 1.04070, 1.04070, 0.00206, 0.0
5.00000, 0.27419, 0.0, -0.04972, 1.04224, 1.04224, 0.00184, 0.0
5.00000, 0.30645, 0.0, -0.04972, 1.04315, 1.04315, 0.00159, 0.0
5.00000, 0.33871, 0.0, -0.04972, 1.04369, 1.04369, 0.00134, 0.0
5.00000, 0.37097, 0.0, -0.04972, 1.04400, 1.04400, 0.00108, 0.0
5.00000, 0.40323, 0.0, -0.04972, 1.04417, 1.04417, 0.00082, 0.0
5.00000, 0.43548, 0.0, -0.04972, 1.04425, 1.04425, 0.00055, 0.0
5.00000, 0.46774, 0.0, -0.04972, 1.04429, 1.04429, 0.00027, 0.0
5.00000, 0.50000, 0.0, -0.04972, 1.04431, 1.04431, -0.00000, 0.0
5.00000, 0.53226, 0.0, -0.04972, 1.04429, 1.04429, -0.00027, 0.0
5.00000, 0.56452, 0.0, -0.04972, 1.04425, 1.04425, -0.00055, 0.0
5.00000, 0.59677, 0.0, -0.04972, 1.04417, 1.04417, -0.00082, 0.0
5.00000, 0.62903, 0.0, -0.04972, 1.04400, 1.04400, -0.00108, 0.0
5.00000, 0.66129, 0.0, -0.04972, 1.04369, 1.04369, -0.00134, 0.0
5.00000, 0.69355, 0.0, -0.04972, 1.04315, 1.04315, -0.00159, 0.0
5.00000, 0.72581, 0.0, -0.04972, 1.04224, 1.04224, -0.00184, 0.0
5.00000, 0.75806, 0.0, -0.04972, 1.04070, 1.04070, -0.00206, 0.0
5.00000, 0.79032, 0.0, -0.04972, 1.03806, 1.03806, -0.00225, 0.0
5.00000, 0.82258, 0.0, -0.04972, 1.03334, 1.03333, -0.00241, 0.0
5.00000, 0.85484, 0.0, -0.04972, 1.02419, 1.02419, -0.00248, 0.0
5.00000, 0.88710, 0.0, -0.04972, 1.00463, 1.00463, -0.00239, 0.0
5.00000, 0.91935, 0.0, -0.04973, 0.96089, 0.96089, -0.00197, 0.0
5.00000, 0.95161, 0.0, -0.04976, 0.87321, 0.87321, -0.00125, 0.0
5.00000, 0.98387, 0.0, -0.04978, 0.69705, 0.69705, -0.00028, 0.0
5.00000, 1.00000, 0.0, -0.04980, 0.00000, 0.00000, 0.00000, 0.0
5.24390, 0.00000, 0.0, -0.05197, 0.00000, 0.00000, 0.00000, 0.0
5.24390, 0.01613, 0.0, -0.05196, 0.69152, 0.69152, 0.00024, 0.0
5.24390, 0.04839, 0.0, -0.05193, 0.86720, 0.86720, 0.00114, 0.0
5.24390, 0.08065, 0.0, -0.05190, 0.95625, 0.95625, 0.00184, 0.0
5.24390, 0.11290, 0.0, -0.05190, 1.00268, 1.00268, 0.00230, 0.0
5.24390, 0.14516, 0.0, -0.05190, 1.02407, 1.02407, 0.00241, 0.0
5.24390, 0.17742, 0.0, -0.05190, 1.03414, 1.03414, 0.00235, 0.0
5.24390, 0.20968, 0.0, -0.05190, 1.03934, 1.03934, 0.00221, 0.0
5.24390, 0.24194, 0.0, -0.05190, 1.04226, 1.04226, 0.00202, 0.0
5.24390, 0.27419, 0.0, -0.05190, 1.04397, 1.04397, 0.00181, 0.0
5.24390, 0.30645, 0.0, -0.05190, 1.04500, 1.04500, 0.00157, 0.0
5.24390, 0.33871, 0.0, -0.05190, 1.04561, 1.04561, 0.00132, 0.0
5.24390, 0.37097, 0.0, -0.05190, 1.04597, 1.04597, 0.00107, 0.0
5.24390, 0.40323, 0.0, -0.05189, 1.04618, 1.04618, 0.00080, 0.0
5.24390, 0.43548, 0.0, -0.05189, 1.04629, 1.04629, 0.00054, 0.0
5.24390, 0.46774, 0.0, -0.05189, 1.04634, 1.04634, 0.00027, 0.0
5.24390, 0.50000, 0.0, -0.05189, 1.04636, 1.04636, -0.00000, 0.0
5.24390, 0.53226, 0.0, -0.05189, 1.04634, 1.04634, -0.00027, 0.0
5.24390, 0.56452, 0.0, -0.05189, 1.04629, 1.04629, -0.00054, 0.0
5.24390, 0.59677, 0.0, -0.05189, 1.04618, 1.04618, -0.00080, 0.0
5.24390, 0.62903, 0.0, -0.05190, 1.04597, 1.04597, -0.00107, 0.0
5.24390, 0.66129, 0.0, -0.05190, 1.04561, 1.04561, -0.00132, 0.0
5.24390, 0.69355, 0.0, -0.05190, 1.04500, 1.04500, -0.00157, 0.0
5.24390, 0.72581, 0.0, -0.05190, 1.04397, 1.04397, -0.00181, 0.0
5.24390, 0.75806, 0.0, -0.05190, 1.04226, 1.04226, -0.00202, 0.0
5.24390, 0.79032, 0.0, -0.05190, 1.03934, 1.03934, -0.00221, 0.0
5.24390, 0.82258, 0.0, -0.05190, 1.03414, 1.03414, -0.00235, 0.0
5.24390, 0.85484, 0.0, -0.05190, 1.02407, 1.02407, -0.00241, 0.0
5.24390, 0.88710, 0.0, -0.05190, 1.00268, 1.00268, -0.00230, 0.0
5.24390, 0.91935, 0.0, -0.05190, 0.95625, 0.95625, -0.00184, 0.0
5.24390, 0.95161, 0.0, -0.05193, 0.86720, 0.86720, -0.00114, 0.0
5.24390, 0.98387, 0.0, -0.05196, 0.69152, 0.69152, -0.00024, 0.0
5.24390, 1.00000, 0.0, -0.05197, 0.00000, 0.00000, 0.00000, 0.0
5.48780, 0.00000, 0.0, -0.05412, 0.00000, 0.00000, 0.00000, 0.0
5.48780, 0.01613, 0.0, -0.05411, 0.68652, 0.68652, 0.00021, 0.0
5.48780, 0.04839, 0.0, -0.05409, 0.86151, 0.86151, 0.00104, 0.0
5.48780, 0.08065, 0.0, -0.05406, 0.95157, 0.95157, 0.00173, 0.0
5.48780, 0.11290, 0.0, -0.05405, 1.00053, 1.00052, 0.00221, 0.0
5.48780, 0.14516, 0.0, -0.05405, 1.02379, 1.02379, 0.00235, 0.0
5.48780, 0.17742, 0.0, -0.05405, 1.03485, 1.03484, 0.00231, 0.0
5.48780, 0.20968, 0.0, -0.05405, 1.04056, 1.04056, 0.00217, 0.0
5.48780, 0.24194, 0.0, -0.05405, 1.04377, 1.04377, 0.00199, 0.0
5.48780, 0.27419, 0.0, -0.05405, 1.04566, 1.04566, 0.00178, 0.0
5.48780, 0.30645, 0.0, -0.05405, 1.04681, 1.04681, 0.00155, 0.0
5.48780, 0.33871, 0.0, -0.05405, 1.04751, 1.04750, 0.00131, 0.0
5.48780, 0.37097, 0.0, -0.05405, 1.04792, 1.04792, 0.00105, 0.0
5.48780, 0.40323, 0.0, -0.05405, 1.04817, 1.04816, 0.00080, 0.0
5.48780, 0.43548, 0.0, -0.05405, 1.04830, 1.04830, 0.00053, 0.0
5.48780, 0.46774, 0.0, -0.05405, 1.04837, 1.04837, 0.00027, 0.0
5.48780, 0.50000, 0.0, -0.05405, 1.04839, 1.04839, -0.00000, 0.0
5.48780, 0.53226, 0.0, -0.05405, 1.04837, 1.04837, -0.00027, 0.0
5.48780, 0.56452, 0.0, -0.05405, 1.04830, 1.04830, -0.00053, 0.0
5.48780, 0.59677, 0.0, -0.05405, 1.04817, 1.04816, -0.00080, 0.0
5.48780, 0.62903, 0.0, -0.05405, 1.04792, 1.04792, -0.00105, 0.0
5.48780, 0.66129, 0.0, -0.05405, 1.04751, 1.04750, -0.00131, 0.0
5.48780, 0.69355, 0.0, -0.05405, 1.04681, 1.04681, -0.00155, 0.0
5.48780, 0.72581, 0.0, -0.05405, 1.04566, 1.04566, -0.00178, 0.0
5.48780, 0.75806, 0.0, -0.05405, 1.04377, 1.04377, -0.00199, 0.0
5.48780, 0.79032, 0.0, -0.05405, 1.04056, 1.04056, -0.00217, 0.0
5.48780, 0.82258, 0.0, -0.05405, 1.03485, 1.03484, -0.00231, 0.0
5.48780, 0.85484, 0.0, -0.05405, 1.02379, 1.02379, -0.00235, 0.0
5.48780, 0.88710, 0.0, -0.05405, 1.00053, 1.00052, -0.00221, 0.0
5.48780, 0.91935, 0.0, -0.05406, 0.95157, 0.95157, -0.00173, 0.0
5.48780, 0.95161, 0.0, -0.05409, 0.86151, 0.86151, -0.00104, 0.0
5.48780, 0.98387, 0.0, -0.05411, 0.68652, 0.68652, -0.00021, 0.0
5.48780, 1.00000, 0.0, -0.05412, 0.00000, 0.00000, 0.00000, 0.0
5.73171, 0.00000, 0.0, -0.05626, 0.00000, 0.00000, 0.00000, 0.0
5.73171, 0.01613, 0.0, -0.05625, 0.68199, 0.68199, 0.00018, 0.0
5.73171, 0.04839, 0.0, -0.05623, 0.85613, 0.85613, 0.00095, 0.0
5.73171, 0.08065, 0.0, -0.05620, 0.94689, 0.94689, 0.00162, 0.0
5.73171, 0.11290, 0.0, -0.05620, 0.99817, 0.99817, 0.00212, 0.0
5.73171, 0.14516, 0.0, -0.05619, 1.02335, 1.02335, 0.00228, 0.0
5.73171, 0.17742, 0.0, -0.05619, 1.03546, 1.03545, 0.00226, 0.0
5.73171, 0.20968, 0.0, -0.05620, 1.04172, 1.04171, 0.00214, 0.0
5.73171, 0.24194, 0.0, -0.05620, 1.04523, 1.04523, 0.00196, 0.0
5.73171, 0.27419, 0.0, -0.05620, 1.04732, 1.04731, 0.00176, 0.0
5.73171, 0.30645, 0.0, -0.05620, 1.04859, 1.04859, 0.00153, 0.0
5.73171, 0.33871, 0.0, -0.05620, 1.04937, 1.04937, 0.00129, 0.0
5.73171, 0.37097, 0.0, -0.05620, 1.04984, 1.04984, 0.00104, 0.0
5.73171, 0.40323, 0.0, -0.05620, 1.05013, 1.05013, 0.00079, 0.0
5.73171, 0.43548, 0.0, -0.05620, 1.05029, 1.05029, 0.00053, 0.0
5.73171, 0.46774, 0.0, -0.05620, 1.05037, 1.05037, 0.00026, 0.0
5.73171, 0.50000, 0.0, -0.05620, 1.05039, 1.05039, -0.00000, 0.0
5.73171, 0.53226, 0.0, -0.05620, 1.05037, 1.05037, -0.00026, 0.0
5.73171, 0.56452, 0.0, -0.05620, 1.05029, 1.05029, -0.00053, 0.0
5.73171, 0.59677, 0.0, -0.05620, 1.05013, 1.05013, -0.00079, 0.0
5.73171, 0.62903, 0.0, -0.05620, 1.04984, 1.04984, -0.00104, 0.0
5.73171, 0.66129, 0.0, -0.05620, 1.04937, 1.04937, -0.00129, 0.0
5.73171, 0.69355, 0.0, -0.05620, 1.04859, 1.04859, -0.00153, 0.0
5.73171, 0.72581, 0.0, -0.05620, 1.04732, 1.04731, -0.00176, 0.0
5.73171, 0.75806, 0.0, -0.05620, 1.04523, 1.04523, -0.00196, 0.0
5.73171, 0.79032, 0.0, -0.05620, 1.04172, 1.04171, -0.00214, 0.0
5.73171, 0.82258, 0.0, -0.05619, 1.03546, 1.03545, -0.00226, 0.0
5.73171, 0.85484, 0.0, -0.05619, 1.02335, 1.02335, -0.00228, 0.0
5.73171, 0.88710, 0.0, -0.05620, 0.99817, 0.99817, -0.00212, 0.0
5.73171, 0.91935, 0.0, -0.05620, 0.94689, 0.94689, -0.00162, 0.0
5.73171, 0.95161, 0.0, -0.05623, 0.85613, 0.85613, -0.00095, 0.0
5.73171, 0.98387, 0.0, -0.05625, 0.68199, 0.68199, -0.00018, 0.0
5.73171, 1.00000, 0.0, -0.05626, 0.00000, 0.00000, 0.00000, 0.0
5.97561, 0.00000, 0.0, -0.05839, 0.00000, 0.00000, 0.00000, 0.0
5.97561, 0.01613, 0.0, -0.05838, 0.67784, 0.67784, 0.00016, 0.0
5.97561, 0.04839, 0.0, -0.05836, 0.85106, 0.85106, 0.00087, 0.0
5.97561, 0.08065, 0.0, -0.05833, 0.94226, 0.94226, 0.00152, 0.0
5.97561, 0.11290, 0.0, -0.05832, 0.99564, 0.99563, 0.00203, 0.0
5.97561, 0.14516, 0.0, -0.05832, 1.02275, 1.02275, 0.00222, 0.0
5.97561, 0.17742, 0.0, -0.05832, 1.03597, 1.03596, 0.00221, 0.0
5.97561, 0.20968, 0.0, -0.05832, 1.04280, 1.04280, 0.00210, 0.0
5.97561, 0.24194, 0.0, -0.05833, 1.04664, 1.04664, 0.00193, 0.0
5.97561, 0.27419, 0.0, -0.05833, 1.04893, 1.04893, 0.00173, 0.0
5.97561, 0.30645, 0.0, -0.05833, 1.05033, 1.05033, 0.00151, 0.0
5.97561, 0.33871, 0.0, -0.05833, 1.05120, 1.05120, 0.00128, 0.0
5.97561, 0.37097, 0.0, -0.05833, 1.05174, 1.05174, 0.00103, 0.0
5.97561, 0.40323, 0.0, -0.05833, 1.05206, 1.05206, 0.00078, 0.0
5.97561, 0.43548, 0.0, -0.05833, 1.05225, 1.05225, 0.00052, 0.0
5.97561, 0.46774, 0.0, -0.05833, 1.05234, 1.05234, 0.00026, 0.0
5.97561, 0.50000, 0.0, -0.05833, 1.05237, 1.05237, -0.00000, 0.0
5.97561, 0.53226, 0.0, -0.05833, 1.05234, 1.05234, -0.00026, 0.0
5.97561, 0.56452, 0.0, -0.05833, 1.05225, 1.05225, -0.00052, 0.0
5.97561, 0.59677, 0.0, -0.05833, 1.05206, 1.05206, -0.00078, 0.0
5.97561, 0.62903, 0.0, -0.05833, 1.05174, 1.05174, -0.00103, 0.0
5.97561, 0.66129, 0.0, -0.05833, 1.05120, 1.05120, -0.00128, 0.0
5.97561, 0.69355, 0.0, -0.05833, 1.05033, 1.05033, -0.00151, 0.0
5.97561, 0.72581, 0.0, -0.05833, 1.04893, 1.04893, -0.00173, 0.0
5.97561, 0.75806, 0.0, -0.05833, 1.04664, 1.04664, -0.00193, 0.0
5.97561, 0.79032, 0.0, -0.05832, 1.04280, 1.04280, -0.00210, 0.0
5.97561, 0.82258, 0.0, -0.05832, 1.03597, 1.03596, -0.00221, 0.0
5.97561, 0.85484, 0.0, -0.05832, 1.02275, 1.02275, -0.00222, 0.0
5.97561, 0.88710, 0.0, -0.05832, 0.99564, 0.99563, -0.00203, 0.0
5.97561, 0.91935, 0.0, -0.05833, 0.94226, 0.94226, -0.00152, 0.0
5.97561, 0.95161, 0.0, -0.05836, 0.85106, 0.85106, -0.00087, 0.0
5.97561, 0.98387, 0.0, -0.05838, 0.67784, 0.67784, -0.00016, 0.0
5.97561, 1.00000, 0.0, -0.05839, 0.00000, 0.00000, 0.00000, 0.0
6.21951, 0.00000, 0.0, -0.06051, 0.00000, 0.00000, 0.00000, 0.0
6.21951, 0.01613, 0.0, -0.06050, 0.67404, 0.67404, 0.00014, 0.0
6.21951, 0.04839, 0.0, -0.06048, 0.84629, 0.84629, 0.00081, 0.0
6.21951, 0.08065, 0.0, -0.06045, 0.93772, 0.93772, 0.00143, 0.0
6.21951, 0.11290, 0.0, -0.06044, 0.99295, 0.99295, 0.00194, 0.0
6.21951, 0.14516, 0.0, -0.06044, 1.02199, 1.02199, 0.00216, 0.0
6.21951, 0.17742, 0.0, -0.06044, 1.03637, 1.03637, 0.00217, 0.0
6.21951, 0.20968, 0.0, -0.06044, 1.04383, 1.04383, 0.00207, 0.0
6.21951, 0.24194, 0.0, -0.06044, 1.04801, 1.04801, 0.00191, 0.0
6.21951, 0.27419, 0.0, -0.06044, 1.05051, 1.05051, 0.00171, 0.0
6.21951, 0.30645, 0.0, -0.06044, 1.05205, 1.05205, 0.00149, 0.0
6.21951, 0.33871, 0.0, -0.06044, 1.05301, 1.05301, 0.00126, 0.0
6.21951, 0.37097, 0.0, -0.06044, 1.05361, 1.05361, 0.00102, 0.0
6.21951, 0.40323, 0.0, -0.06044, 1.05398, 1.05398, 0.00077, 0.0
6.21951, 0.43548, 0.0, -0.06044, 1.05419, 1.05419, 0.00052, 0.0
6.21951, 0.46774, 0.0, -0.06044, 1.05430, 1.05430, 0.00026, 0.0
6.21951, 0.50000, 0.0, -0.06044, 1.05434, 1.05434, -0.00000, 0.0
6.21951, 0.53226, 0.0, -0.06044, 1.05430, 1.05430, -0.00026, 0.0
6.21951, 0.56452, 0.0, -0.06044, 1.05419, 1.05419, -0.00052, 0.0
6.21951, 0.59677, 0.0, -0.06044, 1.05398, 1.05398, -0.00077, 0.0
6.21951, 0.62903, 0.0, -0.06044, 1.05361, 1.05361, -0.00102, 0.0
6.21951, 0.66129, 0.0, -0.06044, 1.05301, 1.05301, -0.00126, 0.0
6.21951, 0.69355, 0.0, -0.06044, 1.05205, 1.05205, -0.00149, 0.0
6.21951, 0.72581, 0.0, -0.06044, 1.05051, 1.05051, -0.00171, 0.0
6.21951, 0.75806, 0.0, -0.06044, 1.04801, 1.04801, -0.00191, 0.0
6.21951, 0.79032, 0.0, -0.06044, 1.04383, 1.04383, -0.00207, 0.0
6.21951, 0.82258, 0.0, -0.06044, 1.03637, 1.03637, -0.00217, 0.0
6.21951, 0.85484, 0.0, -0.06044, 1.02199, 1.02199, -0.00216, 0.0
6.21951, 0.88710, 0.0, -0.06044, 0.99295, 0.99295, -0.00194, 0.0
6.21951, 0.91935, 0.0, -0.06045, 0.93772, 0.93772, -0.00143, 0.0
6.21951, 0.95161, 0.0, -0.06048, 0.84629, 0.84629, -0.00081, 0.0
6.21951, 0.98387, 0.0, -0.06050, 0.67404, 0.67404, -0.00014, 0.0
6.21951, 1.00000, 0.0, -0.06051, 0.00000, 0.00000, 0.00000, 0.0
6.46341, 0.00000, 0.0, -0.06261, 0.00000, 0.00000, 0.00000, 0.0
6.46341, 0.01613, 0.0, -0.06260, 0.67054, 0.67054, 0.00013, 0.0
6.46341, 0.04839, 0.0, -0.06258, 0.84180, 0.84180, 0.00075, 0.0
6.46341, 0.08065, 0.0, -0.06256, 0.93329, 0.93329, 0.00134, 0.0
6.46341, 0.11290, 0.0, -0.06255, 0.99014, 0.99014, 0.00185, 0.0
6.46341, 0.14516, 0.0, -0.06255, 1.02108, 1.02107, 0.00210, 0.0
6.46341, 0.17742, 0.0, -0.06255, 1.03667, 1.03667, 0.00212, 0.0
6.46341, 0.20968, 0.0, -0.06255, 1.04479, 1.04478, 0.00203, 0.0
6.46341, 0.24194, 0.0, -0.06255, 1.04933, 1.04933, 0.00188, 0.0
6.46341, 0.27419, 0.0, -0.06255, 1.05205, 1.05205, 0.00169, 0.0
6.46341, 0.30645, 0.0, -0.06255, 1.05373, 1.05373, 0.00148, 0.0
6.46341, 0.33871, 0.0, -0.06255, 1.05479, 1.05479, 0.00125, 0.0
6.46341, 0.37097, 0.0, -0.06255, 1.05546, 1.05545, 0.00101, 0.0
6.46341, 0.40323, 0.0, -0.06255, 1.05587, 1.05587, 0.00076, 0.0
6.46341, 0.43548, 0.0, -0.06255, 1.05611, 1.05611, 0.00051, 0.0
6.46341, 0.46774, 0.0, -0.06255, 1.05624, 1.05624, 0.00026, 0.0
6.46341, 0.50000, 0.0, -0.06255, 1.05628, 1.05628, -0.00000, 0.0
6.46341, 0.53226, 0.0, -0.06255, 1.05624, 1.05624, -0.00026, 0.0
6.46341, 0.56452, 0.0, -0.06255, 1.05611, 1.05611, -0.00051, 0.0
6.46341, 0.59677, 0.0, -0.06255, 1.05587, 1.05587, -0.00076, 0.0
6.46341, 0.62903, 0.0, -0.06255, 1.05546, 1.05545, -0.00101, 0.0
6.46341, 0.66129, 0.0, -0.06255, 1.05479, 1.05479, -0.00125, 0.0
6.46341, 0.69355, 0.0, -0.06255, 1.05373, 1.05373, -0.00148, 0.0
6.46341, 0.72581, 0.0, -0.06255, 1.05205, 1.05205, -0.00169, 0.0
6.46341, 0.75806, 0.0, -0.06255, 1.04933, 1.04933, -0.00188, 0.0
6.46341, 0.79032, 0.0, -0.06255, 1.04479, 1.04478, -0.00203, 0.0
6.46341, 0.82258, 0.0, -0.06255, 1.03667, 1.03667, -0.00212, 0.0
6.46341, 0.85484, 0.0, -0.06255, 1.02108, 1.02107, -0.00210, 0.0
6.46341, 0.88710, 0.0, -0.06255, 0.99014, 0.99014, -0.00185, 0.0
6.46341, 0.91935, 0.0, -0.06256, 0.93329, 0.93329, -0.00134, 0.0
6.46341, 0.95161, 0.0, -0.06258, 0.84180, 0.84180, -0.00075, 0.0
6.46341, 0.98387, 0.0, -0.06260, 0.67054, 0.67054, -0.00013, 0.0
6.46341, 1.00000, 0.0, -0.06261, 0.00000, 0.00000, 0.00000, 0.0
6.70732, 0.00000, 0.0, -0.06471, 0.00000, 0.00000, 0.00000, 0.0
6.70732, 0.01613, 0.0, -0.06470, 0.66728, 0.66728, 0.00012, 0.0
6.70732, 0.04839, 0.0, -0.06468, 0.83758, 0.83758, 0.00069, 0.0
6.70732, 0.08065, 0.0, -0.06466, 0.92900, 0.92899, 0.00125, 0.0
6.70732, 0.11290, 0.0, -0.06465, 0.98724, 0.98724, 0.00177, 0.0
6.70732, 0.14516, 0.0, -0.06464, 1.02000, 1.02000, 0.00203, 0.0
6.70732, 0.17742, 0.0, -0.06464, 1.03686, 1.03686, 0.00208, 0.0
6.70732, 0.20968, 0.0, -0.06465, 1.04567, 1.04567, 0.00200, 0.0
6.70732, 0.24194, 0.0, -0.06465, 1.05061, 1.05061, 0.00185, 0.0
6.70732, 0.27419, 0.0, -0.06465, 1.05355, 1.05355, 0.00167, 0.0
6.70732, 0.30645, 0.0, -0.06465, 1.05538, 1.05538, 0.00146, 0.0
6.70732, 0.33871, 0.0, -0.06465, 1.05654, 1.05654, 0.00123, 0.0
6.70732, 0.37097, 0.0, -0.06465, 1.05728, 1.05728, 0.00100, 0.0
6.70732, 0.40323, 0.0, -0.06465, 1.05774, 1.05774, 0.00075, 0.0
6.70732, 0.43548, 0.0, -0.06465, 1.05801, 1.05801, 0.00050, 0.0
6.70732, 0.46774, 0.0, -0.06465, 1.05816, 1.05816, 0.00025, 0.0
6.70732, 0.50000, 0.0, -0.06465, 1.05820, 1.05820, -0.00000, 0.0
6.70732, 0.53226, 0.0, -0.06465, 1.05816, 1.05816, -0.00025, 0.0
6.70732, 0.56452, 0.0, -0.06465, 1.05801, 1.05801, -0.00050, 0.0
6.70732, 0.59677, 0.0, -0.06465, 1.05774, 1.05774, -0.00075, 0.0
6.70732, 0.62903, 0.0, -0.06465, 1.05728, 1.05728, -0.00100, 0.0
6.70732, 0.66129, 0.0, -0.06465, 1.05654, 1.05654, -0.00123, 0.0
6.70732, 0.69355, 0.0, -0.06465, 1.05538, 1.05538, -0.00146, 0.0
6.70732, 0.72581, 0.0, -0.06465, 1.05355, 1.05355, -0.00167, 0.0
6.70732, 0.75806, 0.0, -0.06465, 1.05061, 1.05061, -0.00185, 0.0
6.70732, 0.79032, 0.0, -0.06465, 1.04567, 1.04567, -0.00200, 0.0
6.70732, 0.82258, 0.0, -0.06464, 1.03686, 1.03686, -0.00208, 0.0
6.70732, 0.85484, 0.0, -0.06464, 1.02000, 1.02000, -0.00203, 0.0
6.70732, 0.88710, 0.0, -0.06465, 0.98724, 0.98724, -0.00177, 0.0
6.70732, 0.91935, 0.0, -0.06466, 0.92900, 0.92899, -0.00125, 0.0
6.70732, 0.95161, 0.0, -0.06468, 0.83758, 0.83758, -0.00069, 0.0
6.70732, 0.98387, 0.0, -0.06470, 0.66728, 0.66728, -0.00012, 0.0
6.70732, 1.00000, 0.0, -0.06471, 0.00000, 0.00000, 0.00000, 0.0
6.95122, 0.00000, 0.0, -0.06679, 0.00000, 0.00000, 0.00000, 0.0
6.95122, 0.01613, 0.0, -0.06679, 0.66426, 0.66426, 0.00011, 0.0
6.95122, 0.04839, 0.0, -0.06677, 0.83361, 0.83361, 0.00064, 0.0
6.95122, 0.08065, 0.0, -0.06675, 0.92486, 0.92486, 0.00118, 0.0
6.95122, 0.11290, 0.0, -0.06674, 0.98427, 0.98427, 0.00168, 0.0
6.95122, 0.14516, 0.0, -0.06673, 1.01878, 1.01878, 0.00197, 0.0
6.95122, 0.17742, 0.0, -0.06673, 1.03694, 1.03694, 0.00203, 0.0
6.95122, 0.20968, 0.0, -0.06673, 1.04649, 1.04649, 0.00196, 0.0
6.95122, 0.24194, 0.0, -0.06674, 1.05184, 1.05183, 0.00182, 0.0
6.95122, 0.27419, 0.0, -0.06674, 1.05502, 1.05502, 0.00165, 0.0
6.95122, 0.30645, 0.0, -0.06674, 1.05701, 1.05701, 0.00144, 0.0
6.95122, 0.33871, 0.0, -0.06674, 1.05827, 1.05827, 0.00122, 0.0
6.95122, 0.37097, 0.0, -0.06674, 1.05908, 1.05908, 0.00099, 0.0
6.95122, 0.40323, 0.0, -0.06674, 1.05959, 1.05959, 0.00075, 0.0
6.95122, 0.43548, 0.0, -0.06674, 1.05989, 1.05989, 0.00050, 0.0
6.95122, 0.46774, 0.0, -0.06674, 1.06006, 1.06006, 0.00025, 0.0
6.95122, 0.50000, 0.0, -0.06674, 1.06011, 1.06011, -0.00000, 0.0
6.95122, 0.53226, 0.0, -0.06674, 1.06006, 1.06006, -0.00025, 0.0
6.95122, 0.56452, 0.0, -0.06674, 1.05989, 1.05989, -0.00050, 0.0
6.95122, 0.59677, 0.0, -0.06674, 1.05959, 1.05959, -0.00075, 0.0
6.95122, 0.62903, 0.0, -0.06674, 1.05908, 1.05908, -0.00099, 0.0
6.95122, 0.66129, 0.0, -0.06674, 1.05827, 1.05827, -0.00122, 0.0
6.95122, 0.69355, 0.0, -0.06674, 1.05701, 1.05701, -0.00144, 0.0
6.95122, 0.72581, 0.0, -0.06674, 1.05502, 1.05502, -0.00165, 0.0
6.95122, 0.75806, 0.0, -0.06674, 1.05184, 1.05183, -0.00182, 0.0
6.95122, 0.79032, 0.0, -0.06673, 1.04649, 1.04649, -0.00196, 0.0
6.95122, 0.82258, 0.0, -0.06673, 1.03694, 1.03694, -0.00203, 0.0
6.95122, 0.85484, 0.0, -0.06673, 1.01878, 1.01878, -0.00197, 0.0
6.95122, 0.88710, 0.0, -0.06674, 0.98427, 0.98427, -0.00168, 0.0
6.95122, 0.91935, 0.0, -0.06675, 0.92486, 0.92486, -0.00118, 0.0
6.95122, 0.95161, 0.0, -0.06677, 0.83361, 0.83361, -0.00064, 0.0
6.95122, 0.98387, 0.0, -0.06679, 0.66426, 0.66426, -0.00011, 0.0
6.95122, 1.00000, 0.0, -0.06679, 0.00000, 0.00000, 0.00000, 0.0
7.19512, 0.00000, 0.0, -0.06887, 0.00000, 0.00000, 0.00000, 0.0
7.19512, 0.01613, 0.0, -0.06887, 0.66143, 0.66143, 0.00011, 0.0
7.19512, 0.04839, 0.0, -0.06885, 0.82987, 0.82987, 0.00060, 0.0
7.19512, 0.08065, 0.0, -0.06883, 0.92088, 0.92088, 0.00111, 0.0
7.19512, 0.11290, 0.0, -0.06882, 0.98126, 0.98125, 0.00160, 0.0
7.19512, 0.14516, 0.0, -0.06881, 1.01742, 1.01742, 0.00190, 0.0
7.19512, 0.17742, 0.0, -0.06881, 1.03690, 1.03690, 0.00198, 0.0
7.19512, 0.20968, 0.0, -0.06881, 1.04723, 1.04723, 0.00193, 0.0
7.19512, 0.24194, 0.0, -0.06882, 1.05301, 1.05301, 0.00180, 0.0
7.19512, 0.27419, 0.0, -0.06882, 1.05646, 1.05646, 0.00162, 0.0
7.19512, 0.30645, 0.0, -0.06882, 1.05860, 1.05860, 0.00142, 0.0
7.19512, 0.33871, 0.0, -0.06882, 1.05998, 1.05998, 0.00121, 0.0
7.19512, 0.37097, 0.0, -0.06882, 1.06086, 1.06086, 0.00098, 0.0
7.19512, 0.40323, 0.0, -0.06882, 1.06142, 1.06142, 0.00074, 0.0
7.19512, 0.43548, 0.0, -0.06882, 1.06176, 1.06176, 0.00050, 0.0
7.19512, 0.46774, 0.0, -0.06882, 1.06194, 1.06194, 0.00025, 0.0
7.19512, 0.50000, 0.0, -0.06882, 1.06199, 1.06199, -0.00000, 0.0
7.19512, 0.53226, 0.0, -0.06882, 1.06194, 1.06194, -0.00025, 0.0
7.19512, 0.56452, 0.0, -0.06882, 1.06176, 1.06176, -0.00050, 0.0
7.19512, 0.59677, 0.0, -0.06882, 1.06142, 1.06142, -0.00074, 0.0
7.19512, 0.62903, 0.0, -0.06882, 1.06086, 1.06086, -0.00098, 0.0
7.19512, 0.66129, 0.0, -0.06882, 1.05998, 1.05998, -0.00121, 0.0
7.19512, 0.69355, 0.0, -0.06882, 1.05860, 1.05860, -0.00142, 0.0
7.19512, 0.72581, 0.0, -0.06882, 1.05646, 1.05646, -0.00162, 0.0
7.19512, 0.75806, 0.0, -0.06882, 1.05301, 1.05301, -0.00180, 0.0
7.19512, 0.79032, 0.0, -0.06881, 1.04723, 1.04723, -0.00193, 0.0
7.19512, 0.82258, 0.0, -0.06881, 1.03690, 1.03690, -0.00198, 0.0
7.19512, 0.85484, 0.0, -0.06881, 1.01742, 1.01742, -0.00190, 0.0
7.19512, 0.88710, 0.0, -0.06882, 0.98126, 0.98125, -0.00160, 0.0
7.19512, 0.91935, 0.0, -0.06883, 0.92088, 0.92088, -0.00111, 0.0
7.19512, 0.95161, 0.0, -0.06885, 0.82987, 0.82987, -0.00060, 0.0
7.19512, 0.98387, 0.0, -0.06887, 0.66143, 0.66143, -0.00011, 0.0
7.19512, 1.00000, 0.0, -0.06887, 0.00000, 0.00000, 0.00000, 0.0
7.43902, 0.00000, 0.0, -0.07094, 0.00000, 0.00000, 0.00000, 0.0
7.43902, 0.01613, 0.0, -0.07094, 0.65878, 0.65878, 0.00010, 0.0
7.43902, 0.04839, 0.0, -0.07092, 0.82636, 0.82636, 0.00056, 0.0
7.43902, 0.08065, 0.0, -0.07090, 0.91707, 0.91707, 0.00104, 0.0
7.43902, 0.11290, 0.0, -0.07089, 0.97823, 0.97823, 0.00153, 0.0
7.43902, 0.14516, 0.0, -0.07088, 1.01593, 1.01593, 0.00184, 0.0
7.43902, 0.17742, 0.0, -0.07088, 1.03675, 1.03675, 0.00194, 0.0
7.43902, 0.20968, 0.0, -0.07089, 1.04790, 1.04790, 0.00189, 0.0
7.43902, 0.24194, 0.0, -0.07089, 1.05414, 1.05414, 0.00177, 0.0
7.43902, 0.27419, 0.0, -0.07089, 1.05785, 1.05785, 0.00160, 0.0
7.43902, 0.30645, 0.0, -0.07089, 1.06017, 1.06017, 0.00141, 0.0
7.43902, 0.33871, 0.0, -0.07089, 1.06166, 1.06166, 0.00119, 0.0
7.43902, 0.37097, 0.0, -0.07089, 1.06261, 1.06261, 0.00097, 0.0
7.43902, 0.40323, 0.0, -0.07089, 1.06323, 1.06323, 0.00073, 0.0
7.43902, 0.43548, 0.0, -0.07089, 1.06360, 1.06360, 0.00049, 0.0
7.43902, 0.46774, 0.0, -0.07089, 1.06380, 1.06380, 0.00025, 0.0
7.43902, 0.50000, 0.0, -0.07089, 1.06386, 1.06386, -0.00000, 0.0
7.43902, 0.53226, 0.0, -0.07089, 1.06380, 1.06380, -0.00025, 0.0
7.43902, 0.56452, 0.0, -0.07089, 1.06360, 1.06360, -0.00049, 0.0
7.43902, 0.59677, 0.0, -0.07089, 1.06323, 1.06323, -0.00073, 0.0
7.43902, 0.62903, 0.0, -0.07089, 1.06261, 1.06261, -0.00097, 0.0
7.43902, 0.66129, 0.0, -0.07089, 1.06166, 1.06166, -0.00119, 0.0
7.43902, 0.69355, 0.0, -0.07089, 1.06017, 1.06017, -0.00141, 0.0
7.43902, 0.72581, 0.0, -0.07089, 1.05785, 1.05785, -0.00160, 0.0
7.43902, 0.75806, 0.0, -0.07089, 1.05414, 1.05414, -0.00177, 0.0
7.43902, 0.79032, 0.0, -0.07089, 1.04790, 1.04790, -0.00189, 0.0
7.43902, 0.82258, 0.0, -0.07088, 1.03675, 1.03675, -0.00194, 0.0
7.43902, 0.85484, 0.0, -0.07088, 1.01593, 1.01593, -0.00184, 0.0
7.43902, 0.88710, 0.0, -0.07089, 0.97823, 0.97823, -0.00153, 0.0
7.43902, 0.91935, 0.0, -0.07090, 0.91707, 0.91707, -0.00104, 0.0
7.43902, 0.95161, 0.0, -0.07092, 0.82636, 0.82636, -0.00056, 0.0
7.43902, 0.98387, 0.0, -0.07094, 0.65878, 0.65878, -0.00010, 0.0
7.43902, 1.00000, 0.0, -0.07094, 0.00000, 0.00000, 0.00000, 0.0
7.68293, 0.00000, 0.0, -0.07301, 0.00000, 0.00000, 0.00000, 0.0
7.68293, 0.01613, 0.0, -0.07300, 0.65629, 0.65629, 0.00010, 0.0
7.68293, 0.04839, 0.0, -0.07299, 0.82304, 0.82304, 0.00053, 0.0
7.68293, 0.08065, 0.0, -0.07297, 0.91343, 0.91343, 0.00098, 0.0
7.68293, 0.11290, 0.0, -0.07295, 0.97522, 0.97521, 0.00145, 0.0
7.68293, 0.14516, 0.0, -0.07295, 1.01433, 1.01433, 0.00177, 0.0
7.68293, 0.17742, 0.0, -0.07295, 1.03649, 1.03648, 0.00189, 0.0
7.68293, 0.20968, 0.0, -0.07295, 1.04849, 1.04849, 0.00186, 0.0
7.68293, 0.24194, 0.0, -0.07295, 1.05521, 1.05521, 0.00174, 0.0
7.68293, 0.27419, 0.0, -0.07295, 1.05921, 1.05921, 0.00158, 0.0
7.68293, 0.30645, 0.0, -0.07295, 1.06171, 1.06171, 0.00139, 0.0
7.68293, 0.33871, 0.0, -0.07295, 1.06331, 1.06331, 0.00118, 0.0
7.68293, 0.37097, 0.0, -0.07295, 1.06435, 1.06435, 0.00096, 0.0
7.68293, 0.40323, 0.0, -0.07295, 1.06502, 1.06501, 0.00072, 0.0
7.68293, 0.43548, 0.0, -0.07295, 1.06542, 1.06542, 0.00049, 0.0
7.68293, 0.46774, 0.0, -0.07295, 1.06564, 1.06564, 0.00024, 0.0
7.68293, 0.50000, 0.0, -0.07295, 1.06571, 1.06571, 0.00000, 0.0
7.68293, 0.53226, 0.0, -0.07295, 1.06564, 1.06564, -0.00024, 0.0
7.68293, 0.56452, 0.0, -0.07295, 1.06542, 1.06542, -0.00049, 0.0
7.68293, 0.59677, 0.0, -0.07295, 1.06502, 1.06501, -0.00072, 0.0
7.68293, 0.62903, 0.0, -0.07295, 1.06435, 1.06435, -0.00096, 0.0
7.68293, 0.66129, 0.0, -0.07295, 1.06331, 1.06331, -0.00118, 0.0
7.68293, 0.69355, 0.0, -0.07295, 1.06171, 1.06171, -0.00139, 0.0
7.68293, 0.72581, 0.0, -0.07295, 1.05921, 1.05921, -0.00158, 0.0
7.68293, 0.75806, 0.0, -0.07295, 1.05521, 1.05521, -0.00174, 0.0
7.68293, 0.79032, 0.0, -0.07295, 1.04849, 1.04849, -0.00186, 0.0
7.68293, 0.82258, 0.0, -0.07295, 1.03649, 1.03648, -0.00189, 0.0
7.68293, 0.85484, 0.0, -0.07295, 1.01433, 1.01433, -0.00177, 0.0
7.68293, 0.88710, 0.0, -0.07295, 0.97522, 0.97521, -0.00145, 0.0
7.68293, 0.91935, 0.0, -0.07297, 0.91343, 0.91343, -0.00098, 0.0
7.68293, 0.95161, 0.0, -0.07299, 0.82304, 0.82304, -0.00053, 0.0
7.68293, 0.98387, 0.0, -0.07300, 0.65629, 0.65629, -0.00010, 0.0
7.68293, 1.00000, 0.0, -0.07301, 0.00000, 0.00000, 0.00000, 0.0
7.92683, 0.00000, 0.0, -0.07506, 0.00000, 0.00000, 0.00000, 0.0
7.92683, 0.01613, 0.0, -0.07506, 0.65395, 0.65395, 0.00009, 0.0
7.92683, 0.04839, 0.0, -0.07504, 0.81992, 0.81992, 0.00050, 0.0
7.92683, 0.08065, 0.0, -0.07502, 0.90995, 0.90995, 0.00093, 0.0
7.92683, 0.11290, 0.0, -0.07501, 0.97223, 0.97223, 0.00138, 0.0
7.92683, 0.14516, 0.0, -0.07500, 1.01263, 1.01263, 0.00170, 0.0
7.92683, 0.17742, 0.0, -0.07500, 1.03610, 1.03610, 0.00184, 0.0
7.92683, 0.20968, 0.0, -0.07500, 1.04899, 1.04899, 0.00182, 0.0
7.92683, 0.24194, 0.0, -0.07501, 1.05623, 1.05623, 0.00172, 0.0
7.92683, 0.27419, 0.0, -0.07501, 1.06053, 1.06053, 0.00156, 0.0
7.92683, 0.30645, 0.0, -0.07501, 1.06321, 1.06321, 0.00137, 0.0
7.92683, 0.33871, 0.0, -0.07501, 1.06494, 1.06494, 0.00117, 0.0
7.92683, 0.37097, 0.0, -0.07501, 1.06606, 1.06606, 0.00095, 0.0
7.92683, 0.40323, 0.0, -0.07501, 1.06678, 1.06678, 0.00072, 0.0
7.92683, 0.43548, 0.0, -0.07501, 1.06723, 1.06723, 0.00048, 0.0
7.92683, 0.46774, 0.0, -0.07501, 1.06747, 1.06747, 0.00024, 0.0
7.92683, 0.50000, 0.0, -0.07501, 1.06755, 1.06755, 0.00000, 0.0
7.92683, 0.53226, 0.0, -0.07501, 1.06747, 1.06747, -0.00024, 0.0
7.92683, 0.56452, 0.0, -0.07501, 1.06723, 1.06723, -0.00048, 0.0
7.92683, 0.59677, 0.0, -0.07501, 1.06678, 1.06678, -0.00072, 0.0
7.92683, 0.62903, 0.0, -0.07501, 1.06606, 1.06606, -0.00095, 0.0
7.92683, 0.66129, 0.0, -0.07501, 1.06494, 1.06494, -0.00117, 0.0
7.92683, 0.69355, 0.0, -0.07501, 1.06321, 1.06321, -0.00137, 0.0
7.92683, 0.72581, 0.0, -0.07501, 1.06053, 1.06053, -0.00156, 0.0
7.92683, 0.75806, 0.0, -0.07501, 1.05623, 1.05623, -0.00172, 0.0
7.92683, 0.79032, 0.0, -0.07500, 1.04899, 1.04899, -0.00182, 0.0
7.92683, 0.82258, 0.0, -0.07500, 1.03610, 1.03610, -0.00184, 0.0
7.92683, 0.85484, 0.0, -0.07500, 1.01263, 1.01263, -0.00170, 0.0
7.92683, 0.88710, 0.0, -0.07501, 0.97223, 0.97223, -0.00138, 0.0
7.92683, 0.91935, 0.0, -0.07502, 0.90995, 0.90995, -0.00093, 0.0
7.92683, 0.95161, 0.0, -0.07504, 0.81992, 0.81992, -0.00050, 0.0
7.92683, 0.98387, 0.0, -0.07506, 0.65395, 0.65395, -0.00009, 0.0
7.92683, 1.00000, 0.0, -0.07506, 0.00000, 0.00000, 0.00000, 0.0
8.17073, 0.00000, 0.0, -0.07711, 0.00000, 0.00000, 0.00000, 0.0
8.17073, 0.01613, 0.0, -0.07710, 0.65174, 0.65174, 0.00009, 0.0
8.17073, 0.04839, 0.0, -0.07709, 0.81697, 0.81697, 0.00047, 0.0
8.17073, 0.08065, 0.0, -0.07707, 0.90664, 0.90664, 0.00087, 0.0
8.17073, 0.11290, 0.0, -0.07706, 0.96928, 0.96928, 0.00131, 0.0
8.17073, 0.14516, 0.0, -0.07705, 1.01085, 1.01084, 0.00164, 0.0
8.17073, 0.17742, 0.0, -0.07705, 1.03561, 1.03561, 0.00179, 0.0
8.17073, 0.20968, 0.0, -0.07705, 1.04942, 1.04942, 0.00179, 0.0
8.17073, 0.24194, 0.0, -0.07705, 1.05720, 1.05720, 0.00169, 0.0
8.17073, 0.27419, 0.0, -0.07706, 1.06181, 1.06181, 0.00154, 0.0
8.17073, 0.30645, 0.0, -0.07706, 1.06469, 1.06469, 0.00136, 0.0
8.17073, 0.33871, 0.0, -0.07706, 1.06654, 1.06654, 0.00115, 0.0
8.17073, 0.37097, 0.0, -0.07706, 1.06775, 1.06775, 0.00094, 0.0
8.17073, 0.40323, 0.0, -0.07706, 1.06853, 1.06853, 0.00071, 0.0
8.17073, 0.43548, 0.0, -0.07706, 1.06901, 1.06901, 0.00048, 0.0
8.17073, 0.46774, 0.0, -0.07706, 1.06928, 1.06928, 0.00024, 0.0
8.17073, 0.50000, 0.0, -0.07706, 1.06936, 1.06936, 0.00000, 0.0
8.17073, 0.53226, 0.0, -0.07706, 1.06928, 1.06928, -0.00024, 0.0
8.17073, 0.56452, 0.0, -0.07706, 1.06901, 1.06901, -0.00048, 0.0
8.17073, 0.59677, 0.0, -0.07706, 1.06853, 1.06853, -0.00071, 0.0
8.17073, 0.62903, 0.0, -0.07706, 1.06775, 1.06775, -0.00094, 0.0
8.17073, 0.66129, 0.0, -0.07706, 1.06654, 1.06654, -0.00115, 0.0
8.17073, 0.69355, 0.0, -0.07706, 1.06469, 1.06469, -0.00136, 0.0
8.17073, 0.72581, 0.0, -0.07706, 1.06181, 1.06181, -0.00154, 0.0
8.17073, 0.75806, 0.0, -0.07705, 1.05720, 1.05720, -0.00169, 0.0
8.17073, 0.79032, 0.0, -0.07705, 1.04942, 1.04942, -0.00179, 0.0
8.17073, 0.82258, 0.0, -0.07705, 1.03561, 1.03561, -0.00179, 0.0
8.17073, 0.85484, 0.0, -0.07705, 1.01085, 1.01084, -0.00164, 0.0
8.17073, 0.88710, 0.0, -0.07706, 0.96928, 0.96928, -0.00131, 0.0
8.17073, 0.91935, 0.0, -0.07707, 0.90664, 0.90664, -0.00087, 0.0
8.17073, 0.95161, 0.0, -0.07709, 0.81697, 0.81697, -0.00047, 0.0
8.17073, 0.98387, 0.0, -0.07710, 0.65174, 0.65174, -0.00009, 0.0
8.17073, 1.00000, 0.0, -0.07711, 0.00000, 0.00000, 0.00000, 0.0
8.41463, 0.00000, 0.0, -0.07915, 0.00000, 0.00000, 0.00000, 0.0
8.41463, 0.01613, 0.0, -0.07914, 0.64966, 0.64966, 0.00008, 0.0
8.41463, 0.04839, 0.0, -0.07913, 0.81419, 0.81419, 0.00044, 0.0
8.41463, 0.08065, 0.0, -0.07912, 0.90349, 0.90349, 0.00082, 0.0
8.41463, 0.11290, 0.0, -0.07910, 0.96640, 0.96640, 0.00124, 0.0
8.41463, 0.14516, 0.0, -0.07909, 1.00899, 1.00899, 0.00157, 0.0
8.41463, 0.17742, 0.0, -0.07909, 1.03501, 1.03501, 0.00174, 0.0
8.41463, 0.20968, 0.0, -0.07909, 1.04976, 1.04975, 0.00175, 0.0
8.41463, 0.24194, 0.0, -0.07909, 1.05810, 1.05810, 0.00166, 0.0
8.41463, 0.27419, 0.0, -0.07910, 1.06305, 1.06305, 0.00152, 0.0
8.41463, 0.30645, 0.0, -0.07910, 1.06613, 1.06613, 0.00134, 0.0
8.41463, 0.33871, 0.0, -0.07910, 1.06812, 1.06812, 0.00114, 0.0
8.41463, 0.37097, 0.0, -0.07910, 1.06942, 1.06942, 0.00092, 0.0
8.41463, 0.40323, 0.0, -0.07910, 1.07026, 1.07026, 0.00070, 0.0
8.41463, 0.43548, 0.0, -0.07910, 1.07078, 1.07078, 0.00047, 0.0
8.41463, 0.46774, 0.0, -0.07910, 1.07107, 1.07107, 0.00024, 0.0
8.41463, 0.50000, 0.0, -0.07910, 1.07116, 1.07116, 0.00000, 0.0
8.41463, 0.53226, 0.0, -0.07910, 1.07107, 1.07107, -0.00024, 0.0
8.41463, 0.56452, 0.0, -0.07910, 1.07078, 1.07078, -0.00047, 0.0
8.41463, 0.59677, 0.0, -0.07910, 1.07026, 1.07026, -0.00070, 0.0
8.41463, 0.62903, 0.0, -0.07910, 1.06942, 1.06942, -0.00092, 0.0
8.41463, 0.66129, 0.0, -0.07910, 1.06812, 1.06812, -0.00114, 0.0
8.41463, 0.69355, 0.0, -0.07910, 1.06613, 1.06613, -0.00134, 0.0
8.41463, 0.72581, 0.0, -0.07910, 1.06305, 1.06305, -0.00152, 0.0
8.41463, 0.75806, 0.0, -0.07909, 1.05810, 1.05810, -0.00166, 0.0
8.41463, 0.79032, 0.0, -0.07909, 1.04976, 1.04975, -0.00175, 0.0
8.41463, 0.82258, 0.0, -0.07909, 1.03501, 1.03501, -0.00174, 0.0
8.41463, 0.85484, 0.0, -0.07909, 1.00899, 1.00899, -0.00157, 0.0
8.41463, 0.88710, 0.0, -0.07910, 0.96640, 0.96640, -0.00124, 0.0
8.41463, 0.91935, 0.0, -0.07912, 0.90349, 0.90349, -0.00082, 0.0
8.41463, 0.95161, 0.0, -0.07913, 0.81419, 0.81419, -0.00044, 0.0
8.41463, 0.98387, 0.0, -0.07914, 0.64966, 0.64966, -0.00008, 0.0
8.41463, 1.00000, 0.0, -0.07915, 0.00000, 0.00000, 0.00000, 0.0
8.65854, 0.00000, 0.0, -0.08118, 0.00000, 0.00000, 0.00000, 0.0
8.65854, 0.01613, 0.0, -0.08118, 0.64769, 0.64769, 0.00008, 0.0
8.65854, 0.04839, 0.0, -0.08117, 0.81157, 0.81157, 0.00042, 0.0
8.65854, 0.08065, 0.0, -0.08115, 0.90048, 0.90048, 0.00078, 0.0
8.65854, 0.11290, 0.0, -0.08114, 0.96358, 0.96358, 0.00118, 0.0
8.65854, 0.14516, 0.0, -0.08113, 1.00709, 1.00709, 0.00151, 0.0
8.65854, 0.17742, 0.0, -0.08113, 1.03431, 1.03431, 0.00168, 0.0
8.65854, 0.20968, 0.0, -0.08113, 1.05001, 1.05001, 0.00171, 0.0
8.65854, 0.24194, 0.0, -0.08113, 1.05895, 1.05895, 0.00163, 0.0
8.65854, 0.27419, 0.0, -0.08113, 1.06425, 1.06425, 0.00149, 0.0
8.65854, 0.30645, 0.0, -0.08113, 1.06755, 1.06755, 0.00132, 0.0
8.65854, 0.33871, 0.0, -0.08113, 1.06967, 1.06967, 0.00112, 0.0
8.65854, 0.37097, 0.0, -0.08113, 1.07106, 1.07106, 0.00091, 0.0
8.65854, 0.40323, 0.0, -0.08113, 1.07197, 1.07197, 0.00069, 0.0
8.65854, 0.43548, 0.0, -0.08113, 1.07253, 1.07253, 0.00047, 0.0
8.65854, 0.46774, 0.0, -0.08113, 1.07283, 1.07283, 0.00023, 0.0
8.65854, 0.50000, 0.0, -0.08113, 1.07293, 1.07293, 0.00000, 0.0
8.65854, 0.53226, 0.0, -0.08113, 1.07283, 1.07283, -0.00023, 0.0
8.65854, 0.56452, 0.0, -0.08113, 1.07253, 1.07253, -0.00047, 0.0
8.65854, 0.59677, 0.0, -0.08113, 1.07197, 1.07197, -0.00069, 0.0
8.65854, 0.62903, 0.0, -0.08113, 1.07106, 1.07106, -0.00091, 0.0
8.65854, 0.66129, 0.0, -0.08113, 1.06967, 1.06967, -0.00112, 0.0
8.65854, 0.69355, 0.0, -0.08113, 1.06755, 1.06755, -0.00132, 0.0
8.65854, 0.72581, 0.0, -0.08113, 1.06425, 1.06425, -0.00149, 0.0
8.65854, 0.75806, 0.0, -0.08113, 1.05895, 1.05895, -0.00163, 0.0
8.65854, 0.79032, 0.0, -0.08113, 1.05001, 1.05001, -0.00171, 0.0
8.65854, 0.82258, 0.0, -0.08113, 1.03431, 1.03431, -0.00168, 0.0
8.65854, 0.85484, 0.0, -0.08113, 1.00709, 1.00709, -0.00151, 0.0
8.65854, 0.88710, 0.0, -0.08114, 0.96358, 0.96358, -0.00118, 0.0
8.65854, 0.91935, 0.0, -0.08115, 0.90048, 0.90048, -0.00078, 0.0
8.65854, 0.95161, 0.0, -0.08117, 0.81157, 0.81157, -0.00042, 0.0
8.65854, 0.98387, 0.0, -0.08118, 0.64769, 0.64769, -0.00008, 0.0
8.65854, 1.00000, 0.0, -0.08118, 0.00000, 0.00000, 0.00000, 0.0
8.90244, 0.00000, 0.0, -0.08321, 0.00000, 0.00000, 0.00000, 0.0
8.90244, 0.01613, 0.0, -0.08320, 0.64584, 0.64584, 0.00007, 0.0
8.90244, 0.04839, 0.0, -0.08319, 0.80909, 0.80909, 0.00039, 0.0
8.90244, 0.08065, 0.0, -0.08318, 0.89763, 0.89763, 0.00073, 0.0
8.90244, 0.11290, 0.0, -0.08316, 0.96085, 0.96084, 0.00112, 0.0
8.90244, 0.14516, 0.0, -0.08316, 1.00515, 1.00514, 0.00144, 0.0
8.90244, 0.17742, 0.0, -0.08315, 1.03351, 1.03351, 0.00163, 0.0
8.90244, 0.20968, 0.0, -0.08315, 1.05017, 1.05017, 0.00166, 0.0
8.90244, 0.24194, 0.0, -0.08315, 1.05974, 1.05974, 0.00160, 0.0
8.90244, 0.27419, 0.0, -0.08315, 1.06541, 1.06540, 0.00147, 0.0
8.90244, 0.30645, 0.0, -0.08315, 1.06893, 1.06893, 0.00130, 0.0
8.90244, 0.33871, 0.0, -0.08315, 1.07119, 1.07119, 0.00111, 0.0
8.90244, 0.37097, 0.0, -0.08315, 1.07268, 1.07268, 0.00090, 0.0
8.90244, 0.40323, 0.0, -0.08315, 1.07365, 1.07365, 0.00068, 0.0
8.90244, 0.43548, 0.0, -0.08315, 1.07425, 1.07425, 0.00046, 0.0
8.90244, 0.46774, 0.0, -0.08315, 1.07458, 1.07458, 0.00023, 0.0
8.90244, 0.50000, 0.0, -0.08315, 1.07469, 1.07469, 0.00000, 0.0
8.90244, 0.53226, 0.0, -0.08315, 1.07458, 1.07458, -0.00023, 0.0
8.90244, 0.56452, 0.0, -0.08315, 1.07425, 1.07425, -0.00046, 0.0
8.90244, 0.59677, 0.0, -0.08315, 1.07365, 1.07365, -0.00068, 0.0
8.90244, 0.62903, 0.0, -0.08315, 1.07268, 1.07268, -0.00090, 0.0
8.90244, 0.66129, 0.0, -0.08315, 1.07119, 1.07119, -0.00111, 0.0
8.90244, 0.69355, 0.0, -0.08315, 1.06893, 1.06893, -0.00130, 0.0
8.90244, 0.72581, 0.0, -0.08315, 1.06541, 1.06540, -0.00147, 0.0
8.90244, 0.75806, 0.0, -0.08315, 1.05974, 1.05974, -0.00160, 0.0
8.90244, 0.79032, 0.0, -0.08315, 1.05017, 1.05017, -0.00166, 0.0
8.90244, 0.82258, 0.0, -0.08315, 1.03351, 1.03351, -0.00163, 0.0
8.90244, 0.85484, 0.0, -0.08316, 1.00515, 1.00514, -0.00144, 0.0
8.90244, 0.88710, 0.0, -0.08316, 0.96085, 0.96084, -0.00112, 0.0
8.90244, 0.91935, 0.0, -0.08318, 0.89763, 0.89763, -0.00073, 0.0
8.90244, 0.95161, 0.0, -0.08319, 0.80909, 0.80909, -0.00039, 0.0
8.90244, 0.98387, 0.0, -0.08320, 0.64584, 0.64584, -0.00007, 0.0
8.90244, 1.00000, 0.0, -0.08321, 0.00000, 0.00000, 0.00000, 0.0
9.14634, 0.00000, 0.0, -0.08523, 0.00000, 0.00000, 0.00000, 0.0
9.14634, 0.01613, 0.0, -0.08523, 0.64411, 0.64411, 0.00006, 0.0
9.14634, 0.04839, 0.0, -0.08522, 0.80677, 0.80677, 0.00036, 0.0
9.14634, 0.08065, 0.0, -0.08520, 0.89493, 0.89493, 0.00068, 0.0
9.14634, 0.11290, 0.0, -0.08519, 0.95820, 0.95820, 0.00105, 0.0
9.14634, 0.14516, 0.0, -0.08518, 1.00319, 1.00319, 0.00137, 0.0
9.14634, 0.17742, 0.0, -0.08517, 1.03263, 1.03263, 0.00156, 0.0
9.14634, 0.20968, 0.0, -0.08517, 1.05025, 1.05025, 0.00161, 0.0
9.14634, 0.24194, 0.0, -0.08517, 1.06046, 1.06046, 0.00155, 0.0
9.14634, 0.27419, 0.0, -0.08517, 1.06651, 1.06651, 0.00143, 0.0
9.14634, 0.30645, 0.0, -0.08517, 1.07027, 1.07026, 0.00126, 0.0
9.14634, 0.33871, 0.0, -0.08517, 1.07268, 1.07268, 0.00108, 0.0
9.14634, 0.37097, 0.0, -0.08517, 1.07427, 1.07427, 0.00088, 0.0
9.14634, 0.40323, 0.0, -0.08516, 1.07530, 1.07530, 0.00067, 0.0
9.14634, 0.43548, 0.0, -0.08516, 1.07594, 1.07594, 0.00045, 0.0
9.14634, 0.46774, 0.0, -0.08516, 1.07630, 1.07630, 0.00022, 0.0
9.14634, 0.50000, 0.0, -0.08516, 1.07641, 1.07641, 0.00000, 0.0
9.14634, 0.53226, 0.0, -0.08516, 1.07630, 1.07630, -0.00022, 0.0
9.14634, 0.56452, 0.0, -0.08516, 1.07594, 1.07594, -0.00045, 0.0
9.14634, 0.59677, 0.0, -0.08516, 1.07530, 1.07530, -0.00067, 0.0
9.14634, 0.62903, 0.0, -0.08517, 1.07427, 1.07427, -0.00088, 0.0
9.14634, 0.66129, 0.0, -0.08517, 1.07268, 1.07268, -0.00108, 0.0
9.14634, 0.69355, 0.0, -0.08517, 1.07027, 1.07026, -0.00126, 0.0
9.14634, 0.72581, 0.0, -0.08517, 1.06651, 1.06651, -0.00143, 0.0
9.14634, 0.75806, 0.0, -0.08517, 1.06046, 1.06046, -0.00155, 0.0
9.14634, 0.79032, 0.0, -0.08517, 1.05025, 1.05025, -0.00161, 0.0
9.14634, 0.82258, 0.0, -0.08517, 1.03263, 1.03263, -0.00156, 0.0
9.14634, 0.85484, 0.0, -0.08518, 1.00319, 1.00319, -0.00137, 0.0
9.14634, 0.88710, 0.0, -0.08519, 0.95820, 0.95820, -0.00105, 0.0
9.14634, 0.91935, 0.0, -0.08520, 0.89493, 0.89493, -0.00068, 0.0
9.14634, 0.95161, 0.0, -0.08522, 0.80677, 0.80677, -0.00036, 0.0
9.14634, 0.98387, 0.0, -0.08523, 0.64411, 0.64411, -0.00006, 0.0
9.14634, 1.00000, 0.0, -0.08523, 0.00000, 0.00000, 0.00000, 0.0
9.39024, 0.00000, 0.0, -0.08726, 0.00000, 0.00000, 0.00000, 0.0
9.39024, 0.01613, 0.0, -0.08726, 0.64251, 0.64251, 0.00005, 0.0
9.39024, 0.04839, 0.0, -0.08725, 0.80461, 0.80461, 0.00033, 0.0
9.39024, 0.08065, 0.0, -0.08723, 0.89240, 0.89240, 0.00062, 0.0
9.39024, 0.11290, 0.0, -0.08721, 0.95567, 0.95567, 0.00096, 0.0
9.39024, 0.14516, 0.0, -0.08720, 1.00124, 1.00124, 0.00126, 0.0
9.39024, 0.17742, 0.0, -0.08719, 1.03168, 1.03168, 0.00145, 0.0
9.39024, 0.20968, 0.0, -0.08718, 1.05026, 1.05026, 0.00151, 0.0
9.39024, 0.24194, 0.0, -0.08717, 1.06112, 1.06112, 0.00146, 0.0
9.39024, 0.27419, 0.0, -0.08717, 1.06757, 1.06757, 0.00135, 0.0
9.39024, 0.30645, 0.0, -0.08716, 1.07156, 1.07156, 0.00120, 0.0
9.39024, 0.33871, 0.0, -0.08715, 1.07412, 1.07412, 0.00102, 0.0
9.39024, 0.37097, 0.0, -0.08715, 1.07580, 1.07580, 0.00083, 0.0
9.39024, 0.40323, 0.0, -0.08714, 1.07690, 1.07690, 0.00063, 0.0
9.39024, 0.43548, 0.0, -0.08714, 1.07759, 1.07759, 0.00042, 0.0
9.39024, 0.46774, 0.0, -0.08714, 1.07796, 1.07796, 0.00021, 0.0
9.39024, 0.50000, 0.0, -0.08714, 1.07808, 1.07808, 0.00000, 0.0
9.39024, 0.53226, 0.0, -0.08714, 1.07796, 1.07796, -0.00021, 0.0
9.39024, 0.56452, 0.0, -0.08714, 1.07759, 1.07759, -0.00042, 0.0
9.39024, 0.59677, 0.0, -0.08714, 1.07690, 1.07690, -0.00063, 0.0
9.39024, 0.62903, 0.0, -0.08715, 1.07580, 1.07580, -0.00083, 0.0
9.39024, 0.66129, 0.0, -0.08715, 1.07412, 1.07412, -0.00102, 0.0
9.39024, 0.69355, 0.0, -0.08716, 1.07156, 1.07156, -0.00120, 0.0
9.39024, 0.72581, 0.0, -0.08717, 1.06757, 1.06757, -0.00135, 0.0
9.39024, 0.75806, 0.0, -0.08717, 1.06112, 1.06112, -0.00146, 0.0
9.39024, 0.79032, 0.0, -0.08718, 1.05026, 1.05026, -0.00151, 0.0
9.39024, 0.82258, 0.0, -0.08719, 1.03168, 1.03168, -0.00145, 0.0
9.39024, 0.85484, 0.0, -0.08720, 1.00124, 1.00124, -0.00126, 0.0
9.39024, 0.88710, 0.0, -0.08721, 0.95567, 0.95567, -0.00096, 0.0
9.39024, 0.91935, 0.0, -0.08723, 0.89240, 0.89240, -0.00062, 0.0
9.39024, 0.95161, 0.0, -0.08725, 0.80461, 0.80461, -0.00033, 0.0
9.39024, 0.98387, 0.0, -0.08726, 0.64251, 0.64251, -0.00005, 0.0
9.39024, 1.00000, 0.0, -0.08726, 0.00000, 0.00000, 0.00000, 0.0
9.63415, 0.00000, 0.0, -0.08931, 0.00000, 0.00000, 0.00000, 0.0
9.63415, 0.01613, 0.0, -0.08931, 0.64114, 0.64114, 0.00003, 0.0
9.63415, 0.04839, 0.0, -0.08930, 0.80272, 0.80272, 0.00027, 0.0
9.63415, 0.08065, 0.0, -0.08928, 0.89013, 0.89013, 0.00051, 0.0
9.63415, 0.11290, 0.0, -0.08926, 0.95335, 0.95335, 0.00081, 0.0
9.63415, 0.14516, 0.0, -0.08923, 0.99939, 0.99939, 0.00108, 0.0
9.63415, 0.17742, 0.0, -0.08921, 1.03072, 1.03072, 0.00126, 0.0
9.63415, 0.20968, 0.0, -0.08919, 1.05019, 1.05019, 0.00132, 0.0
9.63415, 0.24194, 0.0, -0.08917, 1.06169, 1.06169, 0.00128, 0.0
9.63415, 0.27419, 0.0, -0.08915, 1.06852, 1.06852, 0.00118, 0.0
9.63415, 0.30645, 0.0, -0.08913, 1.07274, 1.07274, 0.00104, 0.0
9.63415, 0.33871, 0.0, -0.08911, 1.07543, 1.07543, 0.00089, 0.0
9.63415, 0.37097, 0.0, -0.08910, 1.07720, 1.07720, 0.00072, 0.0
9.63415, 0.40323, 0.0, -0.08908, 1.07835, 1.07835, 0.00054, 0.0
9.63415, 0.43548, 0.0, -0.08908, 1.07906, 1.07906, 0.00036, 0.0
9.63415, 0.46774, 0.0, -0.08907, 1.07946, 1.07946, 0.00018, 0.0
9.63415, 0.50000, 0.0, -0.08907, 1.07958, 1.07958, 0.00000, 0.0
9.63415, 0.53226, 0.0, -0.08907, 1.07946, 1.07946, -0.00018, 0.0
9.63415, 0.56452, 0.0, -0.08908, 1.07906, 1.07906, -0.00036, 0.0
9.63415, 0.59677, 0.0, -0.08908, 1.07835, 1.07835, -0.00054, 0.0
9.63415, 0.62903, 0.0, -0.08910, 1.07720, 1.07720, -0.00072, 0.0
9.63415, 0.66129, 0.0, -0.08911, 1.07543, 1.07543, -0.00089, 0.0
9.63415, 0.69355, 0.0, -0.08913, 1.07274, 1.07274, -0.00104, 0.0
9.63415, 0.72581, 0.0, -0.08915, 1.06852, 1.06852, -0.00118, 0.0
9.63415, 0.75806, 0.0, -0.08917, 1.06169, 1.06169, -0.00128, 0.0
9.63415, 0.79032, 0.0, -0.08919, 1.05019, 1.05019, -0.00132, 0.0
9.63415, 0.82258, 0.0, -0.08921, 1.03072, 1.03072, -0.00126, 0.0
9.63415, 0.85484, 0.0, -0.08923, 0.99939, 0.99939, -0.00108, 0.0
9.63415, 0.88710, 0.0, -0.08926, 0.95335, 0.95335, -0.00081, 0.0
9.63415, 0.91935, 0.0, -0.08928, 0.89013, 0.89013, -0.00051, 0.0
9.63415, 0.95161, 0.0, -0.08930, 0.80272, 0.80272, -0.00027, 0.0
9.63415, 0.98387, 0.0, -0.08931, 0.64114, 0.64114, -0.00003, 0.0
9.63415, 1.00000, 0.0, -0.08931, 0.00000, 0.00000, 0.00000, 0.0
9.87805, 0.00000, 0.0, -0.09151, 0.00000, 0.00000, 0.00000, 0.0
9.87805, 0.01613, 0.0, -0.09150, 0.64002, 0.64002, -0.00001, 0.0
9.87805, 0.04839, 0.0, -0.09150, 0.80116, 0.80116, 0.00013, 0.0
9.87805, 0.08065, 0.0, -0.09147, 0.88820, 0.88820, 0.00024, 0.0
9.87805, 0.11290, 0.0, -0.09142, 0.95134, 0.95134, 0.00039, 0.0
9.87805, 0.14516, 0.0, -0.09136, 0.99776, 0.99776, 0.00052, 0.0
9.87805, 0.17742, 0.0, -0.09127, 1.02986, 1.02986, 0.00061, 0.0
9.87805, 0.20968, 0.0, -0.09118, 1.05014, 1.05014, 0.00064, 0.0
9.87805, 0.24194, 0.0, -0.09109, 1.06221, 1.06221, 0.00062, 0.0
9.87805, 0.27419, 0.0, -0.09100, 1.06939, 1.06939, 0.00057, 0.0
9.87805, 0.30645, 0.0, -0.09092, 1.07381, 1.07381, 0.00050, 0.0
9.87805, 0.33871, 0.0, -0.09085, 1.07662, 1.07662, 0.00043, 0.0
9.87805, 0.37097, 0.0, -0.09079, 1.07845, 1.07845, 0.00035, 0.0
9.87805, 0.40323, 0.0, -0.09074, 1.07963, 1.07963, 0.00026, 0.0
9.87805, 0.43548, 0.0, -0.09071, 1.08037, 1.08037, 0.00018, 0.0
9.87805, 0.46774, 0.0, -0.09069, 1.08078, 1.08078, 0.00009, 0.0
9.87805, 0.50000, 0.0, -0.09068, 1.08091, 1.08091, 0.00000, 0.0
9.87805, 0.53226, 0.0, -0.09069, 1.08078, 1.08078, -0.00009, 0.0
9.87805, 0.56452, 0.0, -0.09071, 1.08037, 1.08037, -0.00018, 0.0
9.87805, 0.59677, 0.0, -0.09074, 1.07963, 1.07963, -0.00026, 0.0
9.87805, 0.62903, 0.0, -0.09079, 1.07845, 1.07845, -0.00035, 0.0
9.87805, 0.66129, 0.0, -0.09085, 1.07662, 1.07662, -0.00043, 0.0
9.87805, 0.69355, 0.0, -0.09092, 1.07381, 1.07381, -0.00050, 0.0
9.87805, 0.72581, 0.0, -0.09100, 1.06939, 1.06939, -0.00057, 0.0
9.87805, 0.75806, 0.0, -0.09109, 1.06221, 1.06221, -0.00062, 0.0
9.87805, 0.79032, 0.0, -0.09118, 1.05014, 1.05014, -0.00064, 0.0
9.87805, 0.82258, 0.0, -0.09127, 1.02986, 1.02986, -0.00061, 0.0
9.87805, 0.85484, 0.0, -0.09136, 0.99776, 0.99776, -0.00052, 0.0
9.87805, 0.88710, 0.0, -0.09142, 0.95134, 0.95134, -0.00039, 0.0
9.87805, 0.91935, 0.0, -0.09147, 0.88820, 0.88820, -0.00024, 0.0
9.87805, 0.95161, 0.0, -0.09150, 0.80116, 0.80116, -0.00013, 0.0
9.87805, 0.98387, 0.0, -0.09150, 0.64002, 0.64002, 0.00001, 0.0
9.87805, 1.00000, 0.0, -0.09151, 0.00000, 0.00000, 0.00000, 0.0
10.00000, 0.00000, 0.0, -0.09150, 0.00000, 0.00000, 0.00000, 0.0
10.00000, 0.01613, 0.0, -0.09260, 0.64001, 0.64001, -0.00001, 0.0
10.00000, 0.04839, 0.0, -0.09259, 0.80115, 0.80115, 0.00013, 0.0
10.00000, 0.08065, 0.0, -0.09256, 0.88819, 0.88819, 0.00024, 0.0
10.00000, 0.11290, 0.0, -0.09250, 0.95133, 0.95133, 0.00039, 0.0
10.00000, 0.14516, 0.0, -0.09242, 0.99775, 0.99775, 0.00052, 0.0
10.00000, 0.17742, 0.0, -0.09230, 1.02984, 1.02984, 0.00061, 0.0
10.00000, 0.20968, 0.0, -0.09218, 1.05012, 1.05012, 0.00064, 0.0
10.00000, 0.24194, 0.0, -0.09205, 1.06220, 1.06220, 0.00062, 0.0
10.00000, 0.27419, 0.0, -0.09192, 1.06938, 1.06938, 0.00057, 0.0
10.00000, 0.30645, 0.0, -0.09181, 1.07379, 1.07379, 0.00050, 0.0
10.00000, 0.33871, 0.0, -0.09171, 1.07660, 1.07660, 0.00043, 0.0
10.00000, 0.37097, 0.0, -0.09163, 1.07843, 1.07843, 0.00035, 0.0
10.00000, 0.40323, 0.0, -0.09157, 1.07962, 1.07962, 0.00026, 0.0
10.00000, 0.43548, 0.0, -0.09152, 1.08036, 1.08036, 0.00018, 0.0
10.00000, 0.46774, 0.0, -0.09150, 1.08077, 1.08077, 0.00009, 0.0
10.00000, 0.50000, 0.0, -0.09149, 1.08090, 1.08090, 0.00000, 0.0
10.00000, 0.53226, 0.0, -0.09150, 1.08077, 1.08077, -0.00009, 0.0
10.00000, 0.56452, 0.0, -0.09152, 1.08036, 1.08036, -0.00018, 0.0
10.00000, 0.59677, 0.0, -0.09157, 1.07962, 1.07962, -0.00026, 0.0
10.00000, 0.62903, 0.0, -0.09163, 1.07843, 1.07843, -0.00035, 0.0
10.00000, 0.66129, 0.0, -0.09171, 1.07660, 1.07660, -0.00043, 0.0
10.00000, 0.69355, 0.0, -0.09181, 1.07379, 1.07379, -0.00050, 0.0
10.00000, 0.72581, 0.0, -0.09192, 1.06938, 1.06938, -0.00057, 0.0
10.00000, 0.75806, 0.0, -0.09205, 1.06220, 1.06220, -0.00062, 0.0
10.00000, 0.79032, 0.0, -0.09218, 1.05012, 1.05012, -0.00064, 0.0
10.00000, 0.82258, 0.0, -0.09230, 1.02984, 1.02984, -0.00061, 0.0
10.00000, 0.85484, 0.0, -0.09242, 0.99775, 0.99775, -0.00052, 0.0
10.00000, 0.88710, 0.0, -0.09250, 0.95133, 0.95133, -0.00039, 0.0
10.00000, 0.91935, 0.0, -0.09256, 0.88819, 0.88819, -0.00024, 0.0
10.00000, 0.95161, 0.0, -0.09259, 0.80115, 0.80115, -0.00013, 0.0
10.00000, 0.98387, 0.0, -0.09260, 0.64001, 0.64001, 0.00001, 0.0
10.00000, 1.00000, 0.0, -0.09150, 0.00000, 0.00000, 0.00000, 0.0
